event_id,s_0.400000000,s_0.420000000,s_0.440000000,s_0.460000000,s_0.480000000,s_0.500000000,s_0.520000000,s_0.540000000,s_0.560000000,s_0.580000000,s_0.600000000,s_0.620000000,s_0.640000000,s_0.660000000,s_0.680000000,s_0.700000000,s_0.720000000,s_0.740000000,s_0.760000000,s_0.780000000,s_0.800000000,s_0.820000000,s_0.840000000,s_0.860000000,s_0.880000000,s_0.900000000,s_0.920000000,s_0.940000000,s_0.960000000,s_0.980000000,s_1.000000000,s_1.020000000,s_1.040000000,s_1.060000000,s_1.080000000,s_1.100000000,s_1.120000000,s_1.140000000,s_1.160000000,s_1.180000000,s_1.200000000,s_1.220000000,s_1.240000000,s_1.260000000,s_1.280000000,s_1.300000000,s_1.318859065,s_1.320000000,s_1.340000000,s_1.360000000,s_1.380000000,s_1.400000000,s_1.420000000,s_1.440000000,s_1.460000000,s_1.480000000,s_1.500000000,s_1.520000000,s_1.540000000,s_1.560000000,s_1.580000000,s_1.600000000,s_1.620000000,s_1.640000000,s_1.660000000,s_1.680000000,s_1.700000000,s_1.720000000,s_1.740000000,s_1.760000000,s_1.780000000,s_1.800000000,s_1.820000000,s_1.840000000,s_1.860000000,s_1.880000000,s_1.900000000,s_1.920000000,s_1.940000000,s_1.960000000,s_1.980000000,s_2.000000000,s_2.020000000,s_2.040000000,s_2.060000000,s_2.080000000,s_2.100000000,s_2.120000000,s_2.140000000,s_2.160000000,s_2.180000000,s_2.200000000,s_2.220000000,s_2.240000000,s_2.260000000,s_2.280000000,s_2.300000000,s_2.320000000,s_2.340000000,s_2.360000000,s_2.380000000,s_2.400000000
160266496900,1.2429179622799227,1.8119046641216545,1.5741889732482204,1.6255868850840927,1.6198485310896489,1.4991514565859108,1.5789560707098347,1.2833135273228438,2.0932902029846385,1.3080469264412962,1.7935043574231284,1.7318013861671913,1.4450577134676321,1.6809479475444966,1.1636223445716132,0.9269220322197488,1.521430512646452,1.4432754418344456,7.747521286772613,44.9327593850882,8.279137170428712,1.9132824252640512,2.333271165241386,4.187211353119329,1.2022113877504632,1.3421070502499264,1.1570897371448747,1.127044720762368,1.1890949924029015,1.4608328827296286,1.4040630433795345,1.3622713080058488,1.3470556854556976,1.4091253175825762,1.4308825330797579,1.897985809756623,1.721962843147886,1.453574546056111,1.5134216863873884,1.464956179897624,1.746486913339103,1.5143136692819394,1.7099287551828388,1.7548491476952814,1.7393728071689698,2.0335082791060657,1.9412298944476496,1.9353447551633807,1.70923415936706,1.6668634431850617,1.70291621006143,1.7556832577458985,2.1799678899091983,1.274803679527341,1.3398712283050092,1.4428090465742909,1.513520247851695,1.4656917589996945,1.5487295371928202,1.4365476689426049,1.3684221071506544,1.6902379541921604,1.7483514411039225,1.5736272744136575,1.215242291315295,1.2016464223895724,1.3141445450227989,1.2894633421536612,1.307964860782569,1.262786562649931,1.1655032349697485,1.0351253138177572,0.944391325932248,0.9233800111516981,0.9314902808150918,0.965106205107086,1.0497707611686222,1.182427505259381,1.0025954350375201,1.1976499499823552,1.1864898153829377,1.0811023999908937,1.0285862475248377,1.0123585296204574,0.9894260995994761,0.9461148450125392,0.9609844434149862,1.0714344144185906,1.1706443125506296,1.2437018348265616,1.3662837149075482,1.4973331930688352,1.5308758738410868,1.468923465775418,1.40701130300797,1.4095004731621414,1.5722053993294234,1.9256490571117144,1.8019701025536117,1.4910019951446856,1.3789232027629625,1.3452821576098826
132970558500,1.5109015600021292,1.1735105570515256,0.840009787148536,1.25391294663323,1.701374225669815,1.0985771573307506,1.0823523358228049,1.091091928285975,1.429545794605922,1.4011091405618588,1.3450427299708343,1.347160571394215,1.136737729364537,1.1006947450666429,1.0538249215307174,1.2453502537469423,1.101326699382833,1.3868999119730887,1.149823591271446,1.3429025076041725,1.181380920295727,1.0054519716395058,1.0786568083426586,1.2496704726840826,1.1688744463197391,1.14539685881734,1.184006156756781,1.2759200125331671,1.5510691616189285,1.431685079173422,1.3850424806963442,1.404519024529465,1.4242403565777468,1.3837296951048257,1.3647242126089336,1.2693028355356586,1.2971063914386403,1.3267169879332932,1.4075262809732043,1.631510913955957,1.591735692219624,1.5313410147174147,1.4246770659522947,1.4218193596322348,1.617120711548984,1.570345208113889,1.4487593875188676,1.445925945977448,1.451020786955951,1.4579763566535342,1.402959319784409,1.335363736565704,1.2402855625333344,1.1054110577894245,1.0264671508032743,1.0025483286136005,1.0105646706044564,1.0402448119710073,1.0830217564287026,1.130712669370381,1.1729337991738278,1.2005912644297831,1.1779542150349454,1.1261431128861437,1.0925761122529885,1.0807367836479953,1.0990345695934751,1.140566857919933,1.1828391215313945,1.21877436715161,1.2557040368749304,1.2967597662141206,1.3337101390907784,1.3551902636217643,1.358197736126884,1.3574901817415392,1.3743179201314457,1.411572806459043,1.4479563363584473,1.4589694107493558,1.4369320155280023,1.391480500964916,1.34027706289469,1.2987753805727946,1.2729801003110517,1.2605765257672714,1.2581724474734162,1.2652997667177273,1.2822712102142475,1.305641793321311,1.3270226137733192,1.3415391121626348,1.3544665631221102,1.3683223086225726,1.377228788104443,1.3764253824628745,1.365612766087716,1.3475795566443676,1.3268343954110264,1.307756892295948,1.2930745548307763,1.2836806253002542
92940331600,1.6506614135032085,1.1748109210401638,0.9820029470778596,1.1514972529859884,1.1928937888066098,1.0596512941659486,1.1347463277511771,1.2517552185638081,0.9623147377117183,0.9708637916945039,1.0284092775503422,1.0342838615515169,1.1564914493180263,1.245025006937847,1.1639425486183403,1.2550579354920628,1.2975087139483357,1.2887922475957285,1.3277508600230665,1.3323277391872816,1.3615661808061832,1.3901851967505776,1.311466784865829,1.2460793129039511,1.328815731467362,1.2846936650443692,1.7367806578843956,1.6073532689667718,1.3061839832711202,1.3079502226107376,1.2314081804502648,1.2282019261550627,1.2447698873039623,1.250273369464295,1.2829097609637385,1.128670387336289,1.005732556605962,1.0799077005638134,1.1829689433425694,1.1353418807308178,1.0953094569997501,1.1193634752138446,1.147310301690736,1.1615932643548772,1.1896787676387397,1.2240309022568459,1.1951556026566157,1.1929928282341922,1.1803283120201076,1.384897484763432,1.607130573821943,1.2912806375138337,1.1576501652646227,1.1960281034334108,1.231081360946937,1.2464173980954627,1.253901362299998,1.2642538398140029,1.2705717236771072,1.2587929161511766,1.230119593817298,1.1951254923960895,1.1794257144248195,1.199714137337277,1.2259040878789331,1.247589429594289,1.2729558100063192,1.3030689286365915,1.3316091633011862,1.351874317503269,1.3622325217024176,1.36546834506459,1.361776240347708,1.3420844194060269,1.3006345817481688,1.2487436173259823,1.1956347357726544,1.1536721350379138,1.1262934077200926,1.1080891094780287,1.0917738472969254,1.0723911344806787,1.0492975129848932,1.0246977547497895,1.0021351907407046,0.9856053241129805,0.9775964176657134,0.9770166323239806,0.9847541436192925,1.0102881438839717,1.0525269540676492,1.0946718701672462,1.1253414639693817,1.14272992841543,1.1489583235072023,1.1469418009834778,1.139640078622672,1.1300674778349646,1.1214483339002828,1.1173248239229292,1.12138536916179,1.1367120748008535
190618140100,1.4205181356672518,1.1935363429705952,1.4097100370675393,1.051618537054636,1.3853439577740152,1.3952624337821995,1.0843391543944894,1.3710219041885736,1.4918972816945006,1.6188887185190042,1.6757079466968314,1.191037405318701,1.1668599076479027,1.3887829372317284,1.5927227862987485,0.9513902124857097,1.7028329145639645,1.2336714908595148,1.5799103485867363,1.9064642870296018,1.5085268112461718,1.4752914912085104,2.04489737800781,2.436087604681141,1.6173381668296978,1.2248397792923407,1.286796161212553,1.1810451605347225,1.3018999297001208,1.0388378035414296,1.1185446200500866,1.2338539562729989,1.2851807395634591,1.2395356154676862,1.2751609298064177,1.307543250263746,1.33444420776167,1.257134209293265,1.255474224615792,1.2952698218600087,1.3591684096579062,1.4370934960347233,1.461344175733771,1.4516432353529938,1.44254572129982,1.4568133907959089,1.4690673471743683,1.4673088425727705,1.369601748853747,1.242622098332748,1.1657398843033386,1.1585518514796092,1.1560776200807112,1.1421507276152574,1.1321387289799691,1.1550498869904644,1.2231746975886815,1.301761756294135,1.342042909483091,1.344254080725848,1.329016840341595,1.313556597774493,1.3137233141067053,1.342583743794829,1.4004908602423585,1.4772601863378958,1.5543421568765754,1.5711738246557831,1.4617524461052187,1.314220488187749,1.2209519151876251,1.170477537120789,1.1410033863674842,1.1242468174430356,1.118219496995224,1.1216271793705213,1.131416392915748,1.1429900196301828,1.152084839758409,1.1569078659837115,1.1595376395202541,1.16569493614658,1.181078921317254,1.2050752566480076,1.2307384323130535,1.252207347530175,1.2683123027527847,1.2808135849452067,1.2923231063362395,1.304978470749239,1.3190091313351318,1.3315213505298382,1.3376855294670214,1.3351828004689217,1.3270087369705876,1.318559605210082,1.3136324428438861,1.3136455925400037,1.318619528845255,1.3279746658714333,1.3408321087469859,1.3560781289239452
191107901500,1.209620429134162,1.0677118940549455,1.355494329061346,1.5640073736156168,1.0195509745156726,1.1340757282793494,1.3921737271900565,1.4726149989476982,1.1643557044642556,1.0234337346084055,1.1792168535742098,1.5015788658564622,1.176894931145969,1.0467117642735166,1.012665581157411,1.131981853824108,0.9760059166156614,0.9961311555243244,1.4273167808150977,1.440730840472449,1.533929525447729,1.404214167088202,1.3919514125975285,1.473790442853022,1.468551555898444,1.4928623335343962,1.3376263836622162,1.197335443631953,1.1763301392087302,1.198220248484915,1.3606813513000118,1.3751588779019153,1.4063001755729614,1.3043243924025354,1.218300495480068,1.355363109694083,1.2640516011004312,1.1790104932462109,1.2258418457603362,1.1713480926135045,1.187686834359781,1.1565527043415451,1.1943975827624853,1.279032402571678,1.2554816969121014,1.2393185321289928,1.1866552024432142,1.1820707349731234,1.097397911086807,1.077633600937014,1.049781426674584,0.9473016299406636,0.9369834215557669,0.9197510349265049,0.9292334123911822,0.9880636392743279,0.9976636064409677,1.1086310886453359,1.172521433720535,1.222318844472918,1.2885772359506191,1.317724188148483,1.3377220865887125,1.387818693783465,1.4251689622589223,1.4360915337337263,1.4479520254523073,1.4301758863997154,1.3823932105971966,1.3479323811963126,1.3259846305038743,1.3010373519607044,1.295828142814723,1.3275207404742595,1.3823823586719617,1.4242904985212475,1.4204585247228614,1.386205896225628,1.36733525990612,1.3877322414428646,1.3759038808314221,1.3411703934755836,1.322480546523978,1.3088318104326504,1.3016185654012162,1.3010447229673365,1.2969984007332276,1.287572907479124,1.2771261403182084,1.2699848265007498,1.2664380486475664,1.262049809342026,1.2535045315812308,1.2431746765096439,1.233334669984742,1.2211261301553202,1.2003551081227417,1.1714416065289028,1.1468453246945618,1.1350038102544466,1.1321373759387174,1.1305207329453093
160685790300,1.329967104557835,1.863794983022104,1.1286478672754494,1.2946977838391474,1.4635935693851423,1.4311747890059803,1.460725456435063,1.6633978777923624,2.3852284179713763,1.6478004658832182,1.3828747426710726,1.8216726966479067,1.8130619636708787,2.632750380982512,2.5363376045483084,1.422126987245946,1.2210656075299753,0.7824910466493837,0.906829428163435,1.2579277034525054,1.1898329970975243,1.2423602462770889,1.11475757535609,0.8395366474684057,1.1178298733434529,1.2432458108769564,1.0860664833684797,0.917432212668197,1.3653526848144601,1.628889854177343,1.7164570404383914,1.5805419554530253,1.163446208031579,1.5433739036881904,1.4680322751609323,1.5586315650413554,1.6523022861942787,1.469556819221061,1.6868323725184973,1.26174491111859,1.3746389807923325,1.6175317156180269,1.3993883039404338,1.4091431230467286,1.357693750969025,1.4978115943540673,1.3855788695420943,1.378614997636704,1.2942911379524509,1.3739671920529182,1.3897991183638174,1.2723433181561978,1.2573947432021733,1.3201136948602812,1.2992841059579099,1.2274942942185074,1.1896621873996076,1.244728024556835,1.4630964360566607,1.4245485253387626,1.2689325159464826,1.0896313979931123,0.960411432960658,0.9523452719116496,1.0268072340234804,0.9988526349491571,0.8462937716670584,0.9389186485174861,1.0369161770329938,1.190521723930991,1.3417413086349224,1.366731975067715,1.3548922749093122,1.3446539100150408,1.3419956071362686,1.3999052259934697,1.512970418381978,1.5826053941684768,1.526229553805166,1.5940086129406894,1.597960977292493,1.502164786151511,1.3378170850599203,1.1943689940087,1.1530432592160433,1.1529454255959168,1.124366558255145,1.0970877688486793,1.0784504985447763,1.0715454633882824,1.0839631445049942,1.12519811406219,1.207958859925059,1.3473253608179032,1.5467393831186496,1.7578966893681,1.8283570671194596,1.670216291498237,1.6292836759175775,1.8779948591781448,2.046965576986834,2.0351346302805546
53067337100,1.3378714052428593,1.4800402292458479,1.7580191622101902,1.053215937832178,1.0953040067486979,1.8453130538126474,1.7133563055222472,2.299056026361422,1.4450367236272144,2.1025432607989987,1.1572616558250388,1.6016409146182737,1.548705241446668,1.1918870477484553,1.2806240339157757,1.9850834301352227,1.2037283195627817,1.365063595652589,1.3272592250019417,2.7565005328970984,3.6696637798387153,1.2075728158108257,1.4358513509903235,1.3879233092413301,1.4569931314111038,1.1239710099782751,8.067873792303585,26.953088595348905,2.0723544810923746,1.2632005952792678,1.4909918506479476,1.4646644745821114,1.9191847735224843,2.780682198153886,1.9799539739761343,2.5322986361584663,2.5586683227896416,1.1882161705123377,2.17706218524851,2.2117747124046403,2.3187145613443354,2.222604344128047,1.6732746417365478,0.9342755175490585,0.6995306754448354,0.825072409493686,0.993844170175546,1.0166911067561395,1.5977268995056852,1.7822602311973517,1.7503920327482474,1.4299559582617374,1.2590605573391234,1.146774862199071,1.0440367606581715,1.0047136493020008,1.0439713052425978,1.1090037288747485,1.3523457910326413,2.573497903251625,1.1877555157197908,1.1314969138998905,1.0926703432501086,1.0788874976390588,1.0839878086583368,1.095856603054268,1.1137594797521233,1.1484715198117412,1.207459004307222,1.4477097436022495,1.481444116227235,2.2625078934585146,2.8005764463697775,4.039587465097409,11.73682005591816,8.450937999501162,3.5368838417790998,2.2744729798266126,1.7174862359400722,1.5034480240953187,1.4667566197883064,1.6014802240206303,1.5392875636327101,1.4919532017430248,1.4485604682860747,1.4212508190000597,1.4154070968765824,1.4330426341777431,1.4702739642050635,1.5982057493296737,1.6174697455511804,1.7871044912028637,2.0201465841253246,2.2337395712009704,2.474998882036344,2.793506894178734,3.118560717485829,3.201506236410019,2.9587697163758424,2.6002551940518526,2.2758213837730503,2.020209665581125
192940891200,1.425971425633503,1.4006320943406778,2.317385333523425,1.9493761814508395,2.326912007600972,1.6238074088783816,1.3681268881248252,1.1448226850654597,1.0968745610514767,1.3692241651047017,1.1046396331370143,2.6713588572877702,1.3793935225347915,6.0768035155096864,3.4924264870856727,2.151167661216085,1.6110345253594756,1.1522787286897656,1.8331352130654115,1.2802230918486999,1.566721070562349,1.740645518288064,1.5596393301308675,1.1177370159509266,0.8494674258591206,1.5991888595077481,1.6613124137521196,1.3757763349439476,1.4901032952737672,1.4891008467389584,1.4261183476656687,1.6289064324757603,2.0085958168437794,1.3793849522292798,1.3791144447384094,1.5373428147210801,1.58175716506471,1.5871790567028905,1.7668619428245986,1.6724154186005828,1.547278897941777,1.3921276649597996,2.368120657143328,1.1645331693393832,1.8654981223662124,1.4704879299447866,1.3496652486176597,1.3568720895346251,1.4494763088995304,1.411207320360398,1.5387772749383573,1.7625495663549133,1.7405180878889814,1.9654475137459757,2.1401311954462425,1.6494436766173572,1.5026037198380209,1.4639738945116272,1.4617053772118256,1.5044433666128036,1.6195990097509578,1.6995074879209193,1.6492649101758674,1.5908231360288767,1.5516239018132292,1.507026843392292,1.4573021115268905,1.4217231531739734,1.427859587735487,1.653882440325352,2.055790222356864,1.7645233728660823,1.5070328089228961,1.3147210814720727,1.1876999972586932,1.2886953093511964,2.4013004471804114,1.413922792323931,1.883649274701319,1.485210973557755,1.1630303553915353,0.9564426544195906,0.9117353368752074,0.9189294179913594,0.9784463178966951,1.0300642716987383,1.0412153281787777,1.0331609389333094,1.0880638921373744,1.1770478650406044,1.2426170590461942,1.2876881589223161,1.323713347271194,1.3518143173913901,1.3627219828805015,1.3376449003109654,1.2593823213227344,1.1721193085299804,1.2355536521870054,1.4334099578118036,1.5454027680484013,1.5280158008423128
181745526400,1.6523479568632338,1.4928665426852978,1.575992618638327,1.4555707418761163,1.3067527195953632,1.4661190022137427,1.2559860812401216,1.254050230931582,1.462661849883288,1.2742025930923817,1.2670989766218623,1.3478202140109439,1.8136605649426731,1.7796485842031664,1.5636346319273826,1.9776501065459944,1.2343182581349983,1.2471151327741612,1.1258306004981349,0.9456591365055453,1.1562343403865265,0.9873571565702627,1.0555364687959257,1.0805910976267454,1.8868518343430314,1.5950885507941237,1.4356685920566752,1.3083530239053967,1.3345226684557483,1.314681227162471,1.4283608504049858,1.9357606297861505,1.5831600526879797,1.4469288067468964,1.4489253508746798,1.2847200076523706,1.3139662105750298,1.2754708604157692,1.3199226429848137,1.2690566783164385,1.2595468053130268,1.308789541717035,1.4889190305873619,1.6284730657275628,1.659373687701542,1.5847358863141587,1.6158570813436357,1.6265869678519842,1.6918028009113055,1.5066923727125174,1.321255938854532,1.2978122297609995,1.1785893442187692,1.0052121532244982,1.036865774134276,1.027627490830357,0.9374264439123406,0.9113343433635351,0.8926148661757503,0.8913185332487068,0.9724197094632495,1.054374187978128,1.0632940950585417,1.0301236312029853,1.076680608300879,1.1422827102975046,1.2087754286939192,1.1866317781368205,1.1820670793671075,1.2205378250712644,1.28863128340714,1.3498414448296434,1.3987054888224868,1.4683784553215693,1.5387277811772184,1.507924459625241,1.5007384461409878,1.5656441844479332,1.667536798578186,1.7698950258830635,1.807973903732584,1.7762381172399502,1.7227714080667949,1.657129243959073,1.5675350291860337,1.486148309356338,1.4350126120166895,1.4094035774397347,1.3998144228874734,1.398895388567073,1.4018645520234252,1.4068007048673126,1.416139190845175,1.438996323634061,1.471463796497164,1.5058025171068485,1.5476572592088615,1.5929599082068553,1.6348896810010582,1.6697076530876152,1.6941253627685051,1.6966486086451493
152688398700,1.0333085615671858,0.9624480127101148,0.9904742865185544,0.9497173850695183,0.9630187189658895,1.0076051581383916,1.0057618651276292,1.0277912793486392,0.9809247808311478,1.0443763353881361,1.0555356926026291,1.0607764754531683,1.088960200372631,1.094716339090657,1.0532883645862199,1.0369182692403127,1.0150216116188673,1.0126711464571059,1.0418764308288335,1.0434675992163407,1.0168892902167443,0.9914026763426036,1.002925056424896,1.0397023211244607,1.0357651347690982,0.9971834569863889,0.9685440098041663,0.9688705464631778,0.9894105866256175,1.0086927709618512,1.0282527203463236,1.0368563964044835,1.03651102757908,1.0340631901232396,1.0337541436761348,1.0361628803730087,1.0419811692798038,1.045508054752226,1.0407697756658068,1.0338737905363664,1.0305949820603502,1.0355718851028148,1.0461254907771227,1.0561506284431057,1.0629563923371999,1.067172324247026,1.0703042454333254,1.0704524631672345,1.0710703438863354,1.0672550292637912,1.060373741089295,1.0512162600689665,1.0393053157901044,1.0262170112613902,1.016360284305123,1.0122186083061586,1.0126002716186189,1.015605504345883,1.0205206717688626,1.0265601689032604,1.0318939277702481,1.0349865002781444,1.0359148743546822,1.0356474588677778,1.035111938074758,1.035070571301428,1.0360236044395756,1.0380582496963766,1.0409890488050526,1.0446056916161266,1.0486943988935313,1.0529310464760555,1.0569985918339238,1.06080354127335,1.064444529196094,1.0680142526901577,1.0714825779239388,1.0747452159865611,1.077767451057736,1.0806753944210081,1.08369568750034,1.0870034576163468,1.0906150688740708,1.0943891326017063,1.098109143157218,1.101586638285644,1.1047242261537449,1.107503925065508,1.1099210078181339,1.1119258364974325,1.1134201886284245,1.114304421789702,1.1145407447834694,1.1141980143769172,1.1134575664192952,1.11257774076173,1.1118343459307567,1.1114651117780274,1.1116386766374513,1.1124502188298067,1.1139323826895933,1.1160683143633652
182173920500,6.190403523426034,2.6196517183215904,1.297571884661924,2.100938066739298,4.347709838666922,7.0916160550824445,2.9768746598458096,1.9322236780981314,3.997859328001918,2.0212523836979366,2.76753456384135,2.3639000224979028,2.1249483850779836,3.3087247358079304,6.914891659272739,1.5685080330441519,1.3550142932643816,0.9126473866764089,1.319557730648798,2.068874592255086,2.57162190461068,1.5164111461179313,1.5961830290484855,1.5063786277759588,1.2094893845130368,1.6776919491654885,1.785636239388948,1.8976745747702066,2.008918553159494,1.7300012779172105,1.3472138118950137,1.3739272241220923,1.2339036552107734,1.3277446779226751,1.4885975586332258,1.7665006695784289,11.594419701953885,2.0505260703677712,2.053221309409257,2.3518082321850775,2.3601608767335596,3.708880277094799,2.57279068510105,2.3899902114358427,2.14867024002849,1.851721616846588,2.079685939455974,2.106360903912304,9.042970998106728,4.450932474838128,5.641267772838599,3.700305708364608,2.3182718314372033,1.3015807757810154,1.301903008090743,1.2904659122399122,1.0254739759539302,1.0928114286166217,1.1197995113871877,1.1842099695556374,1.6701038830076174,1.8630729693305605,2.137844613284466,2.2962832422836477,1.836226320823305,1.3837335862655598,1.7623465231022064,1.412814753115574,1.326347024248337,1.238809542781057,1.2304496560070652,1.2986412007731933,1.4128545878707455,1.504800955220153,1.587115878564286,1.9198009529073006,1.8954956756263304,1.7388478419754916,1.3776674967442881,1.098736548472044,1.0029762158264528,0.9476467092031658,0.9040886567685991,0.9801898163401505,1.7438843242817244,1.1955199669647352,1.1631737550099315,1.149630120550113,0.973905512493381,1.0221473471318345,0.9851957786133242,0.8485787222361877,0.81515690844915,0.8287814708385066,0.8594119393874318,0.8968928098110273,0.9382113787252613,0.982884437411449,1.0312044884098426,1.083377025353966,1.138723547917218,1.1950860101032854
113614713800,1.056967501896385,1.1796553797305056,1.2001410449821668,1.1460189761663269,1.2838245555624488,0.9419344539470951,0.8575001615068474,0.9538660136274827,1.1850595654356777,1.2959380905431186,1.1897327868639886,1.1161285711585214,1.2195657396009314,1.202794395350756,1.2525161655738206,1.2662002670742691,1.2473182898218218,1.0562023005139005,1.0391266389976788,1.1301001846672905,1.308316679270784,1.201089022921443,1.166223614068115,1.1851988636196378,1.1749450445939085,1.1516625317388742,1.13636950240248,1.1194858927444507,1.1239264809811602,1.1062976511944376,1.0647685391892314,1.015204467392712,0.9616469616111959,0.9828453676446234,1.040245753804118,1.0778470600693622,1.1070601808137688,1.132269383355892,1.149029112559658,1.1606635914176768,1.1610243963908522,1.135282599216237,1.1048748705730826,1.0942391251650756,1.0908802622411897,1.068786881214007,1.0430033070617477,1.04174714679693,1.0225521796818065,1.0044398730705437,0.9924032785671122,0.9817984937330181,0.9720770365407929,0.9761617560345326,0.9945248001492724,1.0112216214498533,1.0153272328560268,1.0132621250374612,1.0140794292036968,1.0196215047023918,1.0267149773977258,1.0320953521887208,1.0370112745438955,1.0423312452623188,1.0526644319376484,1.0707005918700112,1.092336403046737,1.1119921258347047,1.1235944230290835,1.123719889192961,1.1141855049836669,1.0958664510304335,1.0680807092061086,1.0357126903808265,1.0080826159592549,0.9944393104828183,0.9996929720887242,1.0207715478350945,1.0482889449825017,1.073561552865036,1.093842871059368,1.110883993638334,1.1267032898480571,1.141883115527386,1.156128529387931,1.1689790274208522,1.1800328487712586,1.1889443325749491,1.1954526324837345,1.1994789098328738,1.2011973480613374,1.2009997627858904,1.1993629300345927,1.1966958014868792,1.1932501799486082,1.189134404647308,1.1844067123712116,1.1791713097559484,1.1735912123263674,1.1678006059591444,1.161812260727346,1.1555382350345342
80184305000,1.247847164522369,1.109848573440325,1.3552057114583518,1.0796711342947058,1.109616166110719,1.0810275751501828,1.1572632237309053,0.946978680934657,1.2584575051567217,1.0718074634783994,1.2834668414916308,0.9595581696743948,1.213970826236523,1.12295727240197,0.8681561770451164,1.0830646399824673,1.158252308457283,1.1595463979379834,1.2108838882781325,1.1759820453707854,1.2825596176691143,1.2220241362415198,1.1628222094465355,1.3418773354862439,1.3432541371180111,1.3309357345970967,1.319095585292165,1.226677186034396,1.2291478676431487,1.257798382464563,1.2365378122642265,1.2785831197402955,1.2921062622774044,1.2754220718903524,1.2827795128699346,1.2923951145531318,1.2789130169801848,1.2689698052054992,1.2600500067970497,1.203633813187389,1.146018315392538,1.1095221625732552,1.0968352535895989,1.0861340913021222,1.0452797469103048,0.9649713730669971,0.9130590881298895,0.9122909318205888,0.9413977297340443,1.00940744656623,1.0751237102465176,1.1155900402655223,1.137524734542831,1.159535437552747,1.1833557100366905,1.206661479184395,1.2265373639531916,1.2424979120958424,1.2562632632448227,1.2677834301265083,1.274076676696816,1.2700268019395051,1.2543251683826588,1.2335696170253794,1.2158881008260465,1.2051613771429515,1.2012879087467763,1.2019507470894166,1.2041200087492694,1.2055090784146307,1.2052497945867795,1.2030379562426585,1.197793071252763,1.1881379080347032,1.1747530143034848,1.1611260763963818,1.1518149251525134,1.1506159187665053,1.1593561260894383,1.1779761579188888,1.205627413469272,1.2413887532116432,1.2839601172458788,1.3305082586697925,1.3754936000173899,1.4111798078549744,1.4309292265036866,1.4329756705883483,1.4205306326795109,1.3982681726407893,1.3696063098787643,1.3370682929699453,1.3036858419563526,1.272751469991757,1.2459617230306892,1.2225124422406093,1.2004840241267263,1.1787280183314879,1.1573259462733054,1.136918217167997,1.1179761962924715,1.100395043121894
83294219100,0.8465218966945716,1.0518786695762241,1.2728158172319437,0.9831462522749324,1.1323376074491152,1.524646564004569,1.169703212446555,1.3980333177728073,1.331412635457741,1.2889873231840194,1.2888304238055939,1.3221516105707705,1.268528038860255,1.2296000942512852,1.2539459808456934,1.1854907733575706,1.3652221712337564,1.3712007229697465,1.316966926774983,1.2404111980226713,1.1399520399360836,1.4215096679539694,1.288103269593945,1.2453352867490834,1.1725285464554653,0.8082502551370229,0.8037794291394738,1.0921509336443707,1.186983269054148,1.1848328850868017,1.1966347681867033,1.1965148752372132,1.1479382850300273,1.1802491378911888,1.2038048653673645,1.2150489613381275,1.2245471141027524,1.1815147354789435,1.1180197318755583,1.1127453314093558,1.1579792115946328,1.28041363261521,1.3290809287716154,1.423739011484255,1.5059439935229195,1.542908976934589,1.4067355967835602,1.3991938177589278,1.4008672043931893,1.4359133719965689,1.3386515370668157,1.2588394902547928,1.403643436658571,1.9799201457953555,1.9552697160180075,1.8430119754998218,1.6316876629889225,1.5221590386005397,1.4656954440268364,1.4764589919231657,1.5466104168011239,1.494838371511451,1.6303301182663528,1.2844608108096849,1.202937425190908,1.1951511875844472,1.1967277346575054,1.2000729297519683,1.2010889998980092,1.1871725947265859,1.1580548008303895,1.1363558090460357,1.1191101678761026,1.104848125096531,1.102662478631438,1.110550260543174,1.1187842641256989,1.1198238070296123,1.1132569063712534,1.104270424074918,1.097234376917035,1.09256600595747,1.089078681225602,1.0860039802691872,1.0842054254924707,1.0875246773815392,1.1018983124302846,1.1305365228107647,1.1682823267227669,1.2047527931402315,1.233383884576239,1.2533076798211547,1.2661638029311195,1.2740311166685954,1.278969047906217,1.282768032404684,1.2866001513398118,1.2906816822533795,1.2940394535209814,1.294825514788492,1.2919734650329484,1.287074677632998
182725315700,1.060658854557931,1.027037699491105,1.03658969512881,1.1667492955928964,1.2580255565314484,1.0230555200640314,1.0303748964532657,1.063133070304349,1.0998381012999667,1.1631666654220019,1.1665298388598389,1.1651561572166527,1.0792112299718988,1.0577569851042548,1.0620475575184,1.1250897676270557,1.1902421458137986,1.2104872288748385,1.1375144128337729,1.117430027913474,1.1291800138283392,1.050899600223938,1.0449720544365522,1.0543372437822691,1.0474314879221827,1.0764477422256413,1.0845975384857127,1.0834890910550365,1.0778166965607385,1.0482016772980414,1.04192173584492,1.0634284882074407,1.0693741409545332,1.0406429608976338,1.028940590467892,1.0385975652584147,1.0642531792107761,1.110336217312149,1.154926933201384,1.1807076755673673,1.1973661525139643,1.1786631362248698,1.1322695987852176,1.108169983624216,1.114399014708847,1.120495436954296,1.1162506303175674,1.115967196265621,1.1164216515839631,1.1290431048925702,1.1446401619142137,1.1581063560829754,1.1706680733726145,1.1782450800324122,1.1777973209668349,1.1716169580557179,1.167128784657594,1.1716540467024252,1.18510468914462,1.2011933310173473,1.212183971850057,1.2131182082352316,1.202846093555865,1.1816371378847845,1.1524898747908194,1.1232630026132555,1.1025668385323657,1.0956835252492678,1.104645489380009,1.1228515230048495,1.1340454213868958,1.1322008599294326,1.1233325389176019,1.1135694415266133,1.1059837175774203,1.1009980827612917,1.0969712683747035,1.091617160993485,1.083723113928214,1.073664649884496,1.0627327411503997,1.0524078987134975,1.0440006611259403,1.0384097784143338,1.0359015956709827,1.036083822941062,1.0381861605729803,1.04148298714943,1.0455354621909658,1.0501114283891537,1.054969098177772,1.059766709631548,1.064156419153306,1.0679352630892853,1.0711053768519494,1.073786914055178,1.0760528444115176,1.0778229449962242,1.0788962942877969,1.0790777690002715,1.078295610637356,1.0766480412855381
112153572300,7.866280965355615,7.834496072679885,1.3889880619596793,1.6713255523866217,1.2222672336180673,1.0901936276871114,2.3288749017889363,1.416380959858339,1.3946324418742826,0.7078554557496578,2.496196853893896,1.0914791595050644,1.2605020646262177,1.4772658105414824,1.4173760157232949,1.885367991857893,2.5778399452194147,2.9104345742309676,2.480056886838297,2.49489550411539,1.9318994758867998,3.053025333475546,2.1158330821432507,1.6792007524104327,1.5336197928890125,1.6916624393386375,1.9394866980052512,2.7145590610105317,1.7215884922607254,2.302467519776793,2.021167091283218,1.8945080693951644,1.5708653896484885,1.505330497038371,1.2207856903945253,1.2374133200340462,1.3718996045686125,1.3803018157823186,1.3743176126137515,1.3075688490857533,1.3627772894463135,1.4176656595864925,1.425814047820433,1.3010264678719154,1.2164941246195258,1.397265322972473,2.1107014403617916,1.9941878278276541,1.4426334702294275,1.4290627663862847,1.3530687506050794,1.2930328686272445,1.3423651961713943,1.5900832508154596,1.417319729905633,1.4144392553687506,1.4810139297068414,1.5455207478350554,1.6039674132055668,1.6298335249959108,1.6079856397230141,1.5551612463241038,1.5157236663104283,1.4841661369704877,1.4576813648062354,1.4466128345036382,1.465150537625986,1.51891235068102,1.5653443178211315,1.5738373337202751,1.585253273046688,1.6296994850919833,1.702650216717762,1.8391884421780533,2.1568498463324457,2.5040176755465167,2.462416124058146,2.38380059572214,2.4262965066559676,2.4963672335589178,2.5504477905449883,2.5886529310225157,2.614348582434486,2.626732254930019,2.622863577419074,2.5981665676438186,2.5458295755144653,2.4570178718862095,2.3249375857462597,2.15787536644395,2.0034069200586524,1.9646278700982653,2.1572003632573815,2.607736297869622,3.195615819171474,3.657073192246708,3.7312168018216227,3.4203783376955577,2.9497632149055897,2.5090434388552114,2.1658447683722213,1.912290369012938
180752606600,0.7716339782294961,1.782735645862936,1.3953190204179187,1.3193027642510429,1.3985345432917706,1.6274596564862474,1.3447194599916081,1.778201840748061,1.9467685417119893,1.481214130936796,1.2130600374111957,1.1407014303682343,1.6801269731145914,1.2622397091566915,0.9417603972849002,1.3392420124015236,1.383862511001869,1.3440930352906446,1.4604052169800912,1.4130550131009556,0.9073139364015718,1.2690321009342103,1.8494144751969643,1.6637556881929916,1.3975790507195238,1.369722360971384,1.3081078343058217,1.045406512009526,0.9332138179788078,1.0177038189632341,1.338073435625339,1.4292612996536775,1.4006723644110273,1.37594590568581,1.4521150386268544,1.387619227356228,1.294695839360816,1.3066454908406595,1.4701918488575967,1.377356132029455,1.226371591587716,1.1636237064456327,1.171822950588821,1.2196374301443829,1.2793099665944976,1.3710195426707323,1.4578030691332642,1.4619979205850582,1.4833700543454333,1.3615807411690268,1.216275631878664,1.12934234119384,1.1163251692948293,1.1770149267584646,1.2797738821869253,1.357943302268099,1.402833634140742,1.4485144548929105,1.515547497569826,1.5732823011557404,1.6084144788677799,1.6390281998493237,1.5842676588176934,1.4742592738733074,1.4126688074130884,1.394839365121592,1.3807454748680608,1.3568001078831864,1.3179789624649616,1.2634898505364642,1.2066075614754,1.1644917018933434,1.1389259923136594,1.1237803361820928,1.115438337618376,1.1126006895297147,1.1138831037653092,1.116889972237906,1.119624113199686,1.121894511014378,1.1252996456280628,1.1319109769314752,1.1425379421838373,1.1561645704841952,1.1709660297693576,1.1853419068566828,1.1976855421570378,1.2059200569375763,1.2087215814264516,1.207820286193262,1.2081932693831874,1.2145040268653153,1.227354037322038,1.2438498960028312,1.2606574418893173,1.2755127156495092,1.287004061516388,1.2941966684363682,1.2966733764551162,1.2947661496220688,1.28967625037135,1.2833561495083943
112525083701,1.4501077550856867,1.1089019835675693,2.1446606130901515,1.5904223927654986,2.648784231435265,8.113935596152325,2.546803270065274,2.7161806789721523,1.674038713442593,1.925486484547605,1.6286853300319963,1.3884894836658064,1.2329294727775113,2.295408353723574,2.7527912299539192,1.9295458078702212,2.104463999697537,1.7012216294937286,0.9318305882071297,1.3545006186377826,0.9418403092953076,0.3815523945482306,1.087626922084813,1.1056263549874847,2.456849539393399,1.3860381663360721,1.780991604939278,2.1698121193588276,1.767787821224598,1.5833240707869372,1.5439313114597348,3.4098111504938933,2.8060723112174126,2.784651434570466,2.7461872230215922,2.427187107761065,2.2120403668670363,3.6407739383941573,2.1030881842230222,2.221844212335293,2.160924770694442,2.07232900866496,2.419298830906632,2.6818830590128386,3.291264299071742,3.3637995132550667,3.118613237554398,3.0934489064963615,3.055548146303007,3.541437408427725,4.268723478544538,5.19840569136915,6.240019481085052,6.063388518518745,5.996043225326147,6.130367553226953,7.915812910160218,5.85140945767268,1.8344444833917832,1.235833835316985,1.3443787406622258,6.10594725437545,0.8570564166649549,0.9474617702435033,1.0802576215971975,1.0972452138166022,1.022284305359218,1.0997183857947523,1.2873548001489818,1.5568620121397463,1.6966745978399989,1.441064891824575,1.2296503118949234,1.2585715107424058,1.3459624440656268,1.429198987575042,1.4615958500425543,1.4106641957300483,1.4005247871239126,1.410924811338387,1.4121743209847737,1.3991399684697174,1.3740154650526717,1.3426422709877066,1.3120398051757556,1.2857773842071996,1.260812284456384,1.2297534328185216,1.1861287799548073,1.1308171776043523,1.0765911365233511,1.0710550518108515,1.1571528494260994,1.1677163221917801,1.1015417289274603,1.0436565544363847,1.0030182871756976,0.9638523659961589,0.9044958806536219,0.8101997999589511,0.6976330629658716,0.6115577764205539
60875050600,2.625611008378374,1.6789441987075073,1.6206542374049457,1.5942262915574301,2.0380259064454105,2.019374041139201,2.133951186250896,2.500709843632133,3.010329061993732,2.786703005034711,2.423813978702688,2.467447992196047,2.0659759441087093,2.1293772574147276,2.024461557291759,1.8112187321064697,1.8942793333422723,1.2998272070733339,1.748442019667251,2.058811244754903,2.437663263740632,2.0088962791343383,2.0842108593449757,4.475344904488452,2.243574107572123,1.8323840740818813,6.584137357650677,2.728785042254727,2.4578805337953797,2.503456433728727,2.862158087519271,2.753504176630327,6.96011639322442,4.035896397321295,4.353936803473193,3.65861948559863,2.1766169862502296,2.8395892117648622,2.08310532923636,2.15393659048185,2.296969977325047,2.373938285846421,2.0097362798893887,2.038234145204918,2.1976450370170504,2.389190551762026,2.4781409331044717,2.4807431438188856,2.4624416827657067,2.360348709716091,2.280523525869284,2.236814430113243,1.961644613119904,1.80350304695457,1.6543818906125327,1.902252436686561,2.0197934528997976,2.1865620058754383,2.4572540369454825,2.7466678691818442,3.020242739957043,3.3999812592648917,3.9577946198052785,4.522447603664477,4.014164661916069,3.9273330609389325,2.589383604583462,1.980249040206982,1.7277321756073452,1.6165132686317711,1.5488502025608948,1.5362078589313197,1.9932301162827453,5.167335733124216,4.459482988660626,2.0743180770404313,1.834345908691652,1.7091661779284324,1.6447980903128907,1.6057668781175953,1.5548113974503397,1.4794762775994856,1.3960385875878687,1.3243364029984388,1.2725193021660854,1.2432773675884259,1.2413700583644078,1.2687961385823618,1.3128560936122367,1.3534137464036258,1.382942043066432,1.4076462300678403,1.4344961642172969,1.4603707621585966,1.4759983478322527,1.476055179902669,1.461674724277116,1.4382172818570766,1.4128324023438612,1.3927473632425322,1.383780004234638,1.389152886342773
170956426400,1.6996110643714322,1.5079717438185234,0.9052856801690828,2.16812366093547,1.7305413821369133,2.650238972718674,1.9644332134312525,2.6237480523685006,2.273879962739788,1.982279834206811,1.6509658523778308,1.6888286494791263,2.081366747593972,1.7927271135241594,1.421380740153715,1.5171147500866462,1.8589877160527208,1.9177865483986052,1.1712976573817533,1.5334665316904317,1.3175585278886568,1.3513562927830738,1.9005345168940608,1.799560265288341,1.7008899209450778,1.3983152724346304,3.6837386172271676,7.076800515100249,2.187663344610318,1.6841085403174094,1.6258751638331026,1.4607488424841126,1.8584261511532643,1.8119748608106983,1.5625051763188174,1.5086321501889703,1.3886011194903474,1.4140624894394467,1.617657025603346,1.9004657430130638,2.016925697549087,1.8863147573709063,1.714181652299749,2.0850923728157666,1.6360566237944691,1.7436414610466984,1.6183296655525068,1.6116623016561935,1.565573182677506,1.4653792623973017,1.4049268108462896,1.3902504791247845,1.4669260845150456,1.4092861690868164,1.2898564373128463,1.212997190351261,1.201891462779274,1.2400320723588953,1.350239261067739,1.4583807903553458,1.4559582862842009,1.4287738058743582,1.4012740455861015,1.3827282415259217,1.3633477659786806,1.357960413298745,1.4049254164678193,1.5038172094028979,1.6014039114793317,2.397461093452088,2.597875253357102,2.0216119567297346,1.6888523584071904,1.512501199692976,1.430915611425714,1.407486941395302,1.4451694364424408,1.5526651789558663,1.6970363906302999,1.8108165243216747,1.8525936710075985,1.8173626386423967,1.7065003519267892,1.5580132258822055,1.4721624426914768,1.4922828345495491,1.5873884977868367,1.6936569764578002,1.7668550926644102,1.8068951579391634,1.8181383324035458,1.7918099102454033,1.7230320967087678,1.6382487648834692,1.5807501560310977,1.5690773184373785,1.5975124080308738,1.6561019612165928,1.7376487792800448,1.838225500392117,1.9501739445566322,2.0511519854598355
90806991400,0.9796430666251099,1.249516352539743,0.9187311615866038,1.2376984390492953,1.0458321701502575,1.1495505157587793,1.1962976446862816,1.200708171139799,1.202653515040289,0.7288850370751846,1.0879967700981665,1.1379327254360165,1.2009380108774352,0.9494313018373669,0.9288818622469863,1.093577418298025,1.1026453355834043,1.021652459560529,1.1422636114271953,1.0041751142472626,1.0299202201207118,1.2267155610255702,1.2180472873565669,1.1748285247495245,1.0112929208714603,1.1874290099170828,1.1832625934921739,1.105120676269788,1.2242559542321367,1.3841079802173466,1.1548679965368251,1.1863814282505245,1.1177007167695772,1.1306813848405726,1.1325175282311482,1.085069362363769,1.1101149818854972,1.1357308117076363,1.0782490206583613,1.0994232486649151,1.1246023738497481,1.1875470656625677,1.2454303898866685,1.3135491175292606,1.3106958833231674,1.241599307908787,1.1736237670180665,1.1704527519197567,1.136169134431294,1.1425745275235362,1.1814893014175973,1.2238963167380752,1.2381249232822875,1.2186325241401197,1.1765299912934646,1.121730451171843,1.0921845854800822,1.1512957784542017,1.2847418036730693,1.4147572065413925,1.4456989471760833,1.3766819972625808,1.2593598794016188,1.1418880138728331,1.0481174216203542,0.9813147252878153,0.9363529988679727,0.9047915315853731,0.8892715619523553,0.8988770561799887,0.9312777666314639,0.9937327168609751,1.0742910719475791,1.125087105232916,1.1443181055290323,1.1501978596371965,1.1566841873374334,1.1695943902878336,1.1894747220942716,1.214856583164013,1.241384353301993,1.2598393339653349,1.263049402245929,1.2527288532034833,1.2358750582146114,1.2189586181812717,1.2057277850704569,1.1975412505393446,1.194408637457056,1.1958527604966598,1.201387185430357,1.2106710492763264,1.223370302779468,1.2386136680070186,1.2540115867089774,1.265213503699081,1.2686262840390061,1.266291320929418,1.264341164231191,1.2665747960792406,1.2732773252830474,1.2835506923904654
101480978600,1.2031129958385474,1.1466497459688758,1.278364427192726,1.175952844849989,1.404289136123071,1.1468211365535623,1.3379778673772391,1.2955722037669193,1.060720378620995,1.1946085342691752,1.0707103049069913,1.3217029820403794,1.2342356830498646,1.235144973506158,1.060339329561071,0.8581594673828141,1.1026402465456526,1.1855420922871747,1.1547143451084394,1.0820153877289482,1.1042342242245404,1.1003463858201743,1.1043428614363293,0.7927387803534038,0.9874380062271196,1.1061472242113035,1.1954576184619032,1.1536617989703177,1.1883629348013631,1.206058140699062,1.1489944218921762,1.1629776222487493,1.1144551809422314,1.0754496145504087,1.05547756265327,1.0599403682928357,1.0793978336948442,1.0097339403992551,0.9960947495973345,1.0644259348729135,1.1628907214641637,1.2249413550819583,1.2470317271434246,1.2794261015108062,1.309402315558634,1.3228492653140365,1.3171080131929793,1.3155631979910434,1.2576800492028846,1.220022464840547,1.2096059950724127,1.235998135056763,1.2664912981163259,1.281667658291208,1.2701180228264732,1.2235696704149792,1.1628159767789106,1.1258875876592762,1.1225946589345317,1.1673912094430703,1.208120169898258,1.1769464655546449,1.1595900571519755,1.1486708587591687,1.1381526823950272,1.1480836969655452,1.1679307161894346,1.1594734825789295,1.1046236384668104,1.0733535868590394,1.0821874701164198,1.0937660932361515,1.1095752839645745,1.1227150808303352,1.11382761214041,1.0774969097004232,1.0467079774136083,1.033968735939859,1.031956338235744,1.0352693839684426,1.040543547814376,1.0451451542086188,1.0486347545823296,1.0525981764900263,1.0585045139693765,1.0681630214894444,1.083335218109997,1.1042902713975693,1.1297472090727279,1.1563915460020255,1.176252721898138,1.18024417473603,1.1686308381086803,1.149141222955388,1.1286056502657114,1.1104264852927115,1.0957670367948051,1.0849865106915033,1.0784598654098538,1.0768117043800585,1.0806551043218642,1.0900877131031597
173613697300,0.8169861405179039,1.0504893122115657,1.246742481485053,1.272602418407417,1.244135444123346,1.1353712552384438,1.1457206961766646,1.15681793833805,1.2690342593721864,1.3477542452145697,1.2256720092031228,1.2469951593874968,1.1141983406217553,1.0788983682138042,1.0598061359181399,0.9319718079065334,0.9992973132710816,1.0891448629980538,1.1114560351065237,0.9569655752952665,0.9369163130676947,0.9056024930727341,1.0301327322990084,1.2697624347792396,1.3273114073946077,1.3054767897561461,1.283523039137269,1.2576790876559947,1.2320730277332677,1.262845535710033,1.2996449555066294,1.2686676689840526,1.2554403649963877,1.301488159746246,1.3282267494528575,1.3465043160750358,1.3721446526858572,1.3924952916936306,1.3794153220652574,1.3374148832024764,1.2828404170410308,1.2259955262589548,1.1764153435035567,1.1432451162313244,1.120630152138131,1.1021266855767822,1.086540602707614,1.085680262484796,1.0727690379774024,1.064339479852705,1.062883247405506,1.0721346186775478,1.0883729667411999,1.1061169398786603,1.1220082254213848,1.1325439115434897,1.1354306937432606,1.1309295589693642,1.1241035102061088,1.1194346952782814,1.1190451367888583,1.1243716814709181,1.1363476075226682,1.1542079187802774,1.1749768629600943,1.1947716080955788,1.2104632804049353,1.220544151846089,1.2252655248883109,1.2261310113127084,1.2249270844278277,1.2225093300096332,1.2184669327051538,1.2122550076005032,1.2044359336694226,1.1966437822266505,1.1905619592349506,1.1870632709487616,1.18601630409113,1.1865680234101976,1.187604973788786,1.1882030583607819,1.187942213993974,1.1869967850431393,1.185988062336679,1.1856944174137822,1.1867775677701693,1.1896391411785734,1.194400319764615,1.2009163224660495,1.208770599104138,1.2172747856206205,1.2255308458246705,1.2325779589577417,1.2375897463816266,1.2400473649736992,1.2398167519612238,1.237105261949513,1.2323343627788401,1.2259994309193791,1.2185745560548298,1.2104761215049886
132478291200,1.290538722289702,1.2114563668709126,1.2185174838763897,1.1032516150204994,1.1208733761708618,1.1016100760367935,1.1174000305120502,1.0705558543640943,1.0663182330745316,1.145989382533281,1.0844098720486934,1.0593699652319644,0.9680369633741807,0.9233895193990062,0.9571690522171551,1.0828218468315087,1.13293087188681,1.0598217819634377,1.0016496732527864,1.1289769483662468,1.2071479277852795,1.2192165447312706,1.2955712994135125,1.4375794841716054,1.1540542042695008,1.1126915003885682,1.120925840035577,1.1196048527931672,1.0985907502045875,1.089496678208898,1.077240192309727,1.0705413648121245,1.0779462535763362,1.095476514108449,1.11008370458108,1.1220609319901793,1.1292581817936944,1.1213425516985358,1.1038279671525555,1.084692011894483,1.0662374168388835,1.049758211242191,1.0358601360748856,1.0243741402695692,1.007123024823916,1.0030901199993476,1.1537192452348497,1.169704599407709,1.2250913203131222,1.2132889708004646,1.219828880281265,1.2172844581980875,1.20344644708091,1.1848237154471422,1.1735121229820515,1.1747037891746344,1.1878350473988326,1.2103279323923555,1.2356129020788393,1.2560565100562249,1.266938158991276,1.2675889270102507,1.2605176149145947,1.2490818686103775,1.2342028883763172,1.2138506483473839,1.1873076846286965,1.1599397866968184,1.1391140085982414,1.1267350507554732,1.120341816752296,1.1168687398859605,1.1136702850414872,1.1091245617929606,1.1026234698208177,1.0943044578342775,1.084860197077803,1.0753853070826505,1.0670909938081012,1.0608113611472585,1.0566781625378006,1.0545774404384027,1.0548233268341354,1.0578073892774449,1.0634442760929772,1.0713395909668382,1.0811441506749435,1.0926336221117667,1.1055146161320564,1.1191390187630368,1.1323117373573623,1.1433720489152401,1.1508279436278612,1.1546703669480007,1.1571192208991468,1.1606663365530965,1.1654702983398182,1.1701229946207983,1.1737380519280567,1.1764139052583094,1.178709496219223,1.1812110240083356
73145618700,1.080142703204639,1.0658045235794704,1.0806274143997379,1.0234300774693115,1.0772834547948258,1.1119382426418065,1.0793277626114242,1.0153852226084734,1.01792350838489,1.070029008792915,1.0850146769853077,1.0654284713259412,1.0794502830817656,1.0765092775333562,1.0689297000027818,1.076121432414825,1.04608387582082,1.035277071264883,1.044883233457074,1.0375798693383678,1.033572846691049,1.0303868532123186,1.0300445892664631,1.0422839918473847,1.063780450070539,1.079202966159542,1.0835497086212704,1.0817456110267674,1.0802779911149116,1.078053029612888,1.0707840807914342,1.0635486784042378,1.0611252483237639,1.0523773752703312,1.0406491217658624,1.033077082237354,1.0318579656518103,1.0337155452268696,1.0425164359618166,1.0538806166557741,1.0541720994451682,1.0466121537818536,1.0401868080766397,1.0383653827174248,1.0389690742094244,1.0389264237376592,1.03964924635373,1.0397870364396586,1.0446844988334136,1.0530404731358518,1.0602924643442369,1.061413202315413,1.0566551404363516,1.050125876145162,1.042672615593784,1.033979690843528,1.0261510650456471,1.0225432339761962,1.024181641425466,1.0290305752037456,1.0342629072792235,1.0381773969536845,1.0405309845072712,1.041940663597274,1.0431830947502814,1.044736701885061,1.0465211739526894,1.0478123524300513,1.047563505699639,1.0451739591170286,1.0410690416257116,1.0364322818264253,1.0323944934541773,1.0294910685717873,1.0276630130681996,1.0265508248610138,1.0257962895753694,1.0252176483538689,1.0248466751078982,1.0248656812625592,1.0254964471357666,1.0268987247589871,1.0291140819136484,1.032053214165192,1.0355064785552444,1.0391658724065325,1.0426655400574432,1.0456504565168545,1.0478554640480047,1.0491555116309115,1.049567717361247,1.0492192558023494,1.0483021076451073,1.0470229342905073,1.0455545208069164,1.0440077057479684,1.0424395165366052,1.040884608333382,1.0393794794784688,1.0379650406005536,1.0366765026760594,1.035534191634579
73451288300,1.1026205405912515,1.0682535528948573,1.2599582272159362,1.2289396277057922,1.1914841430779042,1.2410698990506153,1.1451161928184053,1.1742329311438195,1.2336944521319158,1.2124145368874368,1.25371623301505,1.0704953201723415,1.190215962950694,1.1934971958545633,1.1964836880713585,1.1753251838527021,1.2651572508820015,1.3270531225956914,1.1040333258732529,1.096441493688722,1.0690478180497738,1.040466455401353,1.03005617968433,0.9790931588624281,0.9951241895594432,1.043749256318898,1.0693527814606796,1.1147775112038243,1.152829739856926,1.1545246075356796,1.1877404357927503,1.2087401665987112,1.2144929788240981,1.2440992584970014,1.2888446012882697,1.310756739774742,1.287601212044064,1.2589126343062256,1.2505765610134583,1.2562673785813694,1.2676095965044727,1.276001412090551,1.2834872347181185,1.289081138004519,1.2987563632666963,1.3248795729861689,1.3673800261672828,1.3703592548755787,1.4165493723464893,1.41887812732648,1.3945895224085831,1.3576271043160706,1.315587390813667,1.2801918115706215,1.2524143515676962,1.2386672255916586,1.2489982853634143,1.2700580500978023,1.2752116724553713,1.2580146450769516,1.2272967856748407,1.1928074297166114,1.1620702919947576,1.1405214239340076,1.1301235627359196,1.1295272525080569,1.1358885792208562,1.1470064499032593,1.161314267420754,1.1752001493671975,1.1832032021917105,1.1850777415397535,1.1857161269085355,1.1836180978529887,1.1737095531285833,1.1562020261433328,1.1372073568143448,1.1241584890689191,1.1212374788753654,1.1268636986525462,1.1357175891808056,1.144467205242665,1.1539321987301703,1.165839603915768,1.1804755789736792,1.1971446966053088,1.2150927212000515,1.2337441656670793,1.2523914572679908,1.2697559175328088,1.2839133455477647,1.2929292604473883,1.2959285872932742,1.293702405027231,1.288336280829056,1.2823683851858945,1.2781732547466143,1.2775919855381621,1.2813828786399772,1.2884186327559717,1.2955390043310635,1.2991414255363307
102843634000,1.17978521943112,1.169811575313161,1.7400379999726816,0.9811196232144717,1.0891529599470333,0.8390361309886516,1.1400749767788898,1.0988370422106508,1.1042821681270665,1.1665243691122442,1.2904348198192865,1.0808671033934856,0.9485837491301078,1.1743017467041892,1.3226668525017407,0.9603377908766435,1.006184087827286,1.039490340189116,1.0756755821114923,1.1449089474927006,1.1344570859270848,1.127819607120948,1.1242258755365815,1.2892120834238938,1.2676775176639508,1.1068366252476216,0.7530937203588877,1.1173093346769314,1.1806757972314057,1.1682281979599296,1.1828877427705493,1.427725833474718,1.2049402845179897,1.2241102515598923,1.2056142167713142,1.1435408833116394,1.0913622756974939,1.1252267650104109,1.1182366557182999,1.1514776945901597,1.322406272823813,1.1528628139600192,1.3499059356839862,1.4624883462816711,1.4959984536447581,1.5430730388398624,1.7811377306501783,1.8887600422947832,4.4466752127783575,3.187234576129527,1.7664256124696887,1.2407721751297667,1.0986690901454028,1.068013391485058,1.0178238857667268,0.9800252234329427,0.9752457476373555,0.963549939871156,0.9329120573094359,0.9249418822457932,0.9214324105241793,0.8905018699199387,0.8854415498811422,0.9071825236328419,0.9444727178230593,0.9969656274949866,1.0513198613056338,1.0466341792238116,1.017872256096601,1.0200642902267352,1.0518236394975453,1.0934590702687275,1.1324414824926146,1.167820984925339,1.1987594378745765,1.2270790829195222,1.2552545894785674,1.2881571950264425,1.3309844300754776,1.3672569192405903,1.3893830150855055,1.4012272836520352,1.4054111241302718,1.3991978206788571,1.3747313752221306,1.327295504521986,1.289701241700828,1.2739275828413794,1.2642931972608582,1.254982842916327,1.2418777417740243,1.224973169108084,1.2107070966817022,1.2016699906951653,1.1970882975744621,1.1964859947647521,1.1996052659470617,1.2057938736382252,1.2130419270196955,1.2163348001966132,1.2087775761111534,1.190071911032566
110266561800,1.8775969426684216,2.0018082401492414,1.1868788461657966,3.5919367365260224,1.0409849120396806,1.6394005786009902,1.4511527060385279,2.2139919977922204,1.8116016907929962,2.0717492171166803,1.5690146113975127,1.0805576212432557,0.886169434461202,0.9087278478465931,1.2595129620354375,1.379164958520182,2.169045325067998,2.1407683155921804,2.727232087246389,3.0457365007240527,2.373198352616918,1.5366980174819231,1.4860636361873356,5.059214634017491,1.8616295694312501,1.6408890646263246,1.1204742069754652,1.1709893235970341,0.966188939402225,0.8457094791353298,1.0864580716939207,1.017850338003542,1.054326767337399,0.7299015930643189,0.6160605077301413,0.9723692258524917,1.3451020180887905,1.573749058932644,1.7578978276514516,1.7805448427135606,1.92353352228424,1.8877507972412784,2.4889793330099947,1.436766478823784,1.50505750031854,1.209380862693166,1.5274314993263325,1.50972809803407,1.5955643074720618,1.7167704339531338,1.9453398682722907,2.400327992206333,2.8326557069202987,2.3287336452188057,1.791152800424978,1.551261651761798,1.542077305640081,1.619479775395782,1.630940124006822,1.6405203204693863,1.798430924054012,2.2868033733645245,1.725086415126,1.4478078163198884,1.3881712329747702,1.4544753144255582,1.5454639527322924,1.479030972250424,1.4012488598447217,1.3201832005120573,1.2339132317584254,1.1660806686871605,1.1530894575018245,1.1629086812471974,1.1395443047150053,1.0985095906067122,1.0737664624801386,1.0569513728279971,1.0474037776216754,1.0905391723238094,1.1990803127794207,1.345455187058784,1.0828309026084488,1.0158405189262378,1.0492054478167059,1.0944849219210206,1.1480994781653815,1.1850296629699453,1.200762076587202,1.2217722405371054,1.2853737612351912,1.4179611983168958,1.5902760635295283,1.72341350371264,1.7809792055632572,1.7838239006535872,1.7611950935284348,1.7297830115238295,1.6964209801834627,1.6636154083366232,1.6325147773051445,1.603911963610122
112211797700,3.475042924547057,1.3845755815861311,1.975677345896784,1.5973667538392713,1.2562972365007012,2.482051871547498,2.5812538177047473,1.9058522791245773,1.2189926928298063,2.421353002845885,3.3067602183015112,2.358109875417681,1.5653693537712692,4.6727840568387595,1.3717651087878122,3.5409954303959084,5.628670209602171,5.809685784730913,12.621297561158059,9.053245469373863,8.530166495227375,2.886021233605924,2.6131565485262556,2.8054718978544084,1.4854462543423155,1.4499622321953913,1.7441622674572657,1.7736712497269425,4.139669109296175,2.534913740331854,2.9147618817015206,1.8278422660197202,2.1256409644274634,2.570217907647716,1.9705597138008863,1.4380751360065513,1.527990698592007,1.4800704500809405,1.5636548456046708,1.7033034016141384,2.057663605995437,2.6876889911635344,3.125777182259212,3.2261805808663584,3.2190835490720295,2.9094101857657146,2.090977119987767,2.0578170461367016,1.6926411131076997,1.7241984276290112,2.0607003728539763,2.4610418326902828,2.5654339150679877,2.413736643945994,1.9035667272203471,1.6673383049268848,2.0170785897665233,2.514607966571845,2.3424826306919417,2.7273804985767676,2.0229736175899182,1.7680334834868412,1.7588506890965114,1.9872383855700524,2.1124588569929155,2.129150503904877,1.989006848409791,2.4162239407865633,1.6281393146133578,1.5069674977582779,1.4753602413935312,1.4894916425700233,1.5412367450703943,1.6274169818705415,1.7553644457382538,1.904302158521425,2.0177131165706093,2.0938250980827746,2.1770261786707716,2.305025599467877,2.603238224383301,3.38970440016459,2.5906685494705286,2.23332201038234,2.2370862325084566,2.359237074884247,2.4936545009839675,2.5324292560278976,2.4892054130589663,2.5800286606231517,3.03709536375881,3.8199735497606797,2.837738046578457,1.6729262292809166,1.6505258070973652,1.7885799705135628,1.810187791405831,1.7769985473610244,1.8576735153315944,2.0108494738385128,2.6217437866035613,3.5456600930117657
112946143700,1.405827069237191,1.3840616209911076,2.4695850317674806,3.9127304631446034,1.5409853835968463,1.7901100321080985,1.4614040459482713,1.3938430052805608,1.0632163991485721,1.0750761827631972,2.2035333188363437,1.7464549319153395,1.775331013196214,1.0707756438324438,1.0361617599223032,0.6714094703288407,1.0991792969610352,1.133554167868565,0.9440445487189327,0.9017848814550506,1.111545535140851,1.7256415253879969,1.7976407030997543,1.3722896784146374,1.7270846084083924,2.1610770446229064,1.6355308368901966,1.5475790098530917,1.56647066158774,1.6126431999933935,1.5812465608715458,1.3371180805586431,1.555367304148272,1.4899706186829738,1.4470427515422728,1.3758035200060832,1.3544378550579073,1.6861711091198472,1.5367857956441948,1.3379074475547725,1.254592030408417,1.2398402628430203,1.247212563912343,1.2075008063622283,1.119413713979067,1.0421352471439194,1.0245304343567965,1.025208106043988,1.056159900392078,1.095573970043791,1.1465020213721338,1.1267723753192245,1.1049621226808413,1.1026128640120743,1.1220886160761958,1.1725518540241688,1.2800944778351815,1.5001226785553512,1.9160172033680756,2.455534419454386,1.7654587338380736,1.4143906898796912,1.2496676218260487,1.152068556075248,1.3755976473112665,1.6961204569422468,1.744470761154208,1.6931988796714998,1.8231389249187235,2.0296840712978956,2.1590807350217007,1.9856456241629694,1.7244960638758648,1.7694260835039197,1.9371366264111909,2.0418633065237595,2.04667289678693,1.972302092904135,1.8561648852050612,1.7289499373613677,1.6065087299564604,1.496606163195315,1.4055796268310274,1.333937133991155,1.2752703610585008,1.2262648580590503,1.1875318382019533,1.1595832447271086,1.1421252321928779,1.134421236855202,1.1354151079978079,1.1436287809623684,1.15686672439469,1.1719811767224237,1.1855188051090244,1.196226207889173,1.2078525894271583,1.2261548993771485,1.2485156304303573,1.2620086076207824,1.2597970905821116,1.2480026300818685
191176993500,2.9626199598971468,1.4279774766195898,1.307397512441022,3.432786039270811,2.1975629872597033,1.0227568514505787,1.9071394824958892,2.672199443989371,2.0503359348804797,2.115296321187469,1.8631998145602493,1.139029203360978,0.9827995679238368,1.3129903226721718,1.6074609405032005,2.1234209897588046,1.9790777177386443,1.9924975912823988,2.3836335810564537,110.84325241054748,3.4627370939896798,11.070747727813924,1.2898082950183165,1.5257386583884063,1.460745487727826,1.5377091861961663,1.2511407264706527,1.3795235742714285,2.0810315105475947,2.1475812824130256,1.5881814238485161,2.2709255776715263,1.8332053766801983,3.584733766432602,3.011361759771815,1.6107464459313818,1.7543015089176461,1.61382611855425,3.085085469176563,1.9644111529142967,1.9663086596473092,2.532132895433051,3.866451378058846,2.674351587675115,2.1645266386792645,1.9285742303576638,2.2590735346214132,2.287044989718614,2.4194035259796753,2.0169412209128983,3.2133072227911463,2.425104401292821,2.3184254141818728,2.1828997417025464,2.1349983604692406,2.7104722855503445,3.952959307920137,3.573298981041835,3.9128429607183954,5.383050834136652,2.2580420182426004,1.9711666006412498,2.184164937174731,3.30816491225493,2.664702457943612,3.1954089919168265,2.8061170203474353,2.147647318450841,1.6994172079509202,1.4692981663646774,1.3914248994829828,1.3360063364588641,1.3055524967845584,1.3484988821036703,4.689516122227681,1.7334628770506928,1.6290698730415516,1.9371213833256664,2.3122939656633883,2.322832645996569,2.3546585435004257,2.8718591399647524,3.025689671845436,3.643499673127801,3.2594137697646275,2.665750413054863,2.367112376729145,2.5333686517448553,2.874166002561597,2.51064540184751,1.954061718299632,1.8975376411115263,1.9510123183283665,1.9961275587752063,2.0361798005985654,2.083004304603823,2.1405604014227637,2.2779735004324837,3.3259774605427226,2.538619385084727,3.717074334237822,1.480912360878223
43390608100,1.2113375174618697,1.0984196918551856,1.021161931468015,0.9258782033818161,1.0939243905864156,1.2895356314335302,1.3883650882194338,1.3204518629752036,1.0743862005157123,0.9052642072840197,0.9846399860902678,1.0782960728667184,1.0807690393190015,1.1042692846656676,1.1012144264168655,1.062073384245343,1.034853626959804,1.2496352105610877,1.3367827515872392,1.3765030723390193,1.5513614223307048,1.224277060308492,1.090602606300855,1.0351612608247178,1.1198956891304106,1.6557220921814508,1.0247887828935527,1.0586584205509069,1.1273644409069559,1.132989911763914,1.1755931772186488,1.1704826518937768,1.1697775432136588,1.1468308547285548,1.1433280502118668,1.1494160594491747,1.191806407839463,1.195954379504561,1.1122354522900055,1.0632376919111322,1.0326885606536051,1.0256899408018398,1.0340808749905939,1.0451152165947657,1.0698557003006017,1.1011299615402856,1.1275852776667838,1.1296294134893838,1.1804907928347288,1.2329192915477631,1.2430614745056472,1.2259801557079313,1.230688510131237,1.2594082295544515,1.2761035883757177,1.281049514925101,1.2783809898004042,1.2730227366481577,1.2758331142939447,1.2819885768660406,1.258448847354977,1.2125677401184516,1.1849806637289881,1.1716767681922178,1.1683291349606417,1.1715245765396793,1.1660367882830205,1.1557763594746226,1.1511747984922225,1.1469115722439334,1.1408610979748335,1.138499218801326,1.1381167386604407,1.135934224438343,1.1333899683457644,1.1330373163632337,1.1357217110186917,1.1397797236881742,1.1423641408320002,1.1408112224323355,1.1345676993504028,1.1269401025975996,1.1232637364967768,1.1238829511125177,1.1207575271235808,1.110743198998753,1.1003628185610927,1.0923799713375038,1.084305639040529,1.0749347245358725,1.0662658366285547,1.0614019009849764,1.0623382464447626,1.0688414576513545,1.0785063729969215,1.0887620157097684,1.099158960223316,1.1102752865399452,1.1215411612458346,1.1311997974859238,1.1375256149146207,1.1401260137891809
192033457700,1.0389420262624003,1.29260168765781,1.6517962253893324,0.8230622321999628,1.1882947050421895,1.9141045595346688,1.4425884756989003,1.4371064144985017,1.5369999644439896,1.1445451361499877,1.17296378834168,1.0263021292926136,1.1482001588221733,1.438869377131914,1.3094948109712412,1.5386446119466548,1.7851636425037456,1.0830422233309005,0.8573356939229774,0.7550743785175181,0.9333743138172155,0.9973922765891298,1.0393783013302593,1.2405558482314902,1.1321346764314844,1.0407581264611832,1.1333229897312729,1.394452755417376,1.5173107589262784,1.237095298380032,2.236856251958021,1.5383075631172765,1.3624995902196984,1.48581103645894,1.5836667282005703,1.690396613206473,1.9279700425211,1.6224503713111487,0.9732142215328301,0.9558105959602431,0.9575831114139878,0.7634305319655732,0.7937460216053155,0.7984449265701026,0.8079417766188286,0.914360097223074,1.250885708334833,1.2813360289151101,1.774215676910258,1.966729066746816,1.9911305280449931,1.945004667107309,1.8574117461843846,1.6754118487837795,1.5259489464171654,1.561578483459223,1.6593262540006761,1.8521279514854223,2.0070154569324625,2.037133494290506,1.7841678455249006,1.441223049303198,1.235372151130815,1.1448140294794493,1.1146551919323793,1.1152893383764386,1.1356948909539162,1.1817041530867598,1.2578455863155553,1.3305548568571106,1.3675030176634386,1.3755053075284864,1.368934862903054,1.3526364126449766,1.324524611494709,1.2834328205418473,1.237795173234569,1.2018778741233396,1.182915530666888,1.1771581683531802,1.1747850182321544,1.1696057917569933,1.1661289279935352,1.1740491751288575,1.1985901890573745,1.23845207376956,1.2884270725101714,1.3417515054596356,1.3918245528896815,1.433808541402362,1.4656317276606325,1.487568629231217,1.5001792226701867,1.5019056838616487,1.4891766760510585,1.4599315900215286,1.416809713206175,1.3666852420900357,1.317965401514482,1.278148353407092,1.251891812450441,1.238548343733005
193400643100,1.7355922408502358,1.0569420463895267,1.2933542766525667,1.4585846494260888,1.5884486634904835,1.0568251392255055,1.067739924280756,1.186650072211406,1.9508072759588928,1.3223658616737115,1.3266310535931025,1.2819597579827726,1.329606732931897,1.3663123235178432,1.2949050481146485,1.4938495982449147,1.4259573851200849,1.8209244031880132,1.380472105263477,1.4235892208586693,1.5535112845392527,1.1586870071812985,1.4398255492937444,1.1874808792223348,1.3296496500000086,1.6534244531500832,1.7381621892537893,1.6409287948544502,1.6203346527679505,1.9178060322935981,2.350812490428536,1.6724673883773558,1.7265621528422166,1.4379388095673298,1.5080590656526573,1.3331103245093205,1.2241388209868282,1.3546575933587923,1.8116249246057505,1.8867018702476646,1.5340091804251408,1.2390457054954203,1.0667903736047193,1.1345910780360717,1.2820152837168222,1.4100022340604765,1.5147848535576953,1.5187046886790552,1.5080035817294588,1.4600031327352796,1.444663234100554,1.4429692133794212,1.449708523136594,1.4451933802825845,1.4046843039220116,1.3521874764045756,1.324862017768562,1.2867163396736905,1.220553225104312,1.1282475319557224,1.0341103078177314,0.9749210302405116,0.9488144532918708,0.9236379691221488,0.9122944736757316,0.932511434481262,0.9662915716412412,0.9971486126427914,1.0216256197337248,1.0305920097702421,1.020582135309404,1.0063566300301299,1.005558617938786,1.0058852275457792,0.9917701251871238,0.9942771058646702,1.0511954045826293,1.14261511447168,1.2266059017365005,1.2832500592446225,1.3115251184807755,1.3167500233180713,1.303666902874093,1.275403235651144,1.2366196785291865,1.1966336672723628,1.1647348705867495,1.1428504611605077,1.1297368531476961,1.1262712111692372,1.1344319203161766,1.154882271604125,1.1846131145016254,1.2147937119762502,1.232577942292706,1.2313617866110511,1.2196584032695688,1.2129743175731726,1.2210522165789577,1.2460803264093547,1.2855151513399161,1.3335207348399931
143534401300,1.2375832138679403,0.8662175282406664,1.173669827139962,1.0928925313130369,0.9956369292985717,1.013761751376919,1.151508634561167,1.2737093338327214,1.1156068963305994,1.1009676461021496,1.1069818471668382,1.1194890664019994,1.006875620244347,1.1675085471311344,1.2216597767847672,1.2050849702773014,1.0847791057923908,1.221985627083384,1.1274527803621859,1.1116393705728873,1.0445861340883864,0.9829998355079795,1.0824167336456363,1.20660208297182,1.2342557753762953,1.1849620910695815,1.1285629178227718,1.2418697784687862,1.466374092525538,1.2171038832765504,1.2142575486326077,1.2178250778042117,1.2394753555940048,1.271859656311642,1.2069471902212465,1.1956869196124835,1.1938335262767814,1.1866916774571699,1.191469684090692,1.2041906058608105,1.222785703406831,1.2266047402022255,1.1906802796765188,1.1437129381752642,1.1245124215509383,1.138058903644922,1.1580263310545926,1.1591214556850458,1.173505795956653,1.1734700355561734,1.1579048515281232,1.1378156889734115,1.128322670817021,1.1381987185211837,1.1620699028572428,1.1681351334999441,1.1522480671878936,1.1279528098068716,1.0955119985224075,1.0705309267056153,1.0599362834584598,1.054255598100775,1.0474268712691162,1.0407723488338319,1.0405707616615913,1.0513386958036128,1.067424730530084,1.079594637034405,1.0927698019863539,1.1103064195330434,1.125494879428947,1.1320792978103442,1.128482372961767,1.1187553989707097,1.112686938321931,1.1219911872720763,1.1510014638495336,1.1906997073439047,1.2276683493942224,1.253514970905619,1.2650182781952275,1.2630811887728564,1.2519240013095616,1.237600327189151,1.225611165231838,1.2176124167392874,1.20962948451753,1.1954853325427213,1.1736906985428848,1.1508957208510049,1.135281344858926,1.1282545701225584,1.1270370380308827,1.128977639316139,1.132220544060247,1.1354140035160543,1.137464339228196,1.1373716798619886,1.1342006537302274,1.127206693811751,1.116025165916799,1.1008082031665334
41423234800,1.0603018563036959,1.1062022653798789,1.1093244452884348,1.1103547764429724,1.1797718621960318,1.1325269452639803,0.9784102568513634,1.0134154429387578,1.101413817126037,1.0284983640061758,1.0852109225671975,1.1068402024022779,1.0687437763341041,1.1165880467608533,1.0880518997978696,1.1148534979441356,1.158542001394359,1.1319292663471983,1.1945144772569698,1.118822978309731,1.0294863834297607,1.023295544189308,1.0569470565107177,1.0964016255748439,1.0960231148636193,1.0736050940993433,1.0865863785272079,1.116329883162662,1.132997619445645,1.1222534674944018,1.1245364932129183,1.1582021501994118,1.1876802608579025,1.164407150101125,1.1433444728101976,1.1446320230218052,1.1552727506934293,1.1533687744656869,1.1480021999618835,1.1469172556484397,1.1343567335844638,1.1105186518607009,1.0786458358975513,1.0383392784197643,1.0024470708810198,1.016408937661618,1.0585291136871924,1.0604237688736229,1.081717725337366,1.0993288642366448,1.128968663308206,1.156471098432896,1.1507551991621792,1.135017322816347,1.132283892112842,1.1334712221927687,1.126172998268583,1.1082090130489777,1.08563130931028,1.0648776583420934,1.0488759666099736,1.0392430490680455,1.0377610821131888,1.0446743100510167,1.0575644280187937,1.0721940266950964,1.084492251864494,1.0925487608656723,1.0973078130684495,1.1019089013679828,1.1089458915776327,1.1185375637969335,1.1296582755535873,1.1411822621224978,1.1518298667159355,1.1599048995204377,1.1634560526212114,1.161474853474593,1.1552542456905155,1.147765271429908,1.141773691606972,1.1388836938416282,1.1395734593761815,1.1434773238663178,1.1496729284303147,1.1569802593814014,1.164260711730764,1.1706527049185864,1.1756739058561452,1.1791814825993374,1.1812470156167805,1.1820122312650334,1.1815697749648753,1.179907641078073,1.176958476538098,1.1727428609889006,1.1674947983719737,1.16165115429573,1.1557194730075135,1.1501338569785158,1.1451717365344845,1.1409330563084192
111061311000,1.0320775964932178,1.0792042891512938,1.0621148268949825,0.9631469174409162,1.0679516752187332,1.0550249446142959,1.0444993108813743,1.073566556612181,1.042722446635943,0.9764880543430817,1.0333874226381832,1.0260850576910132,1.0992774833638366,1.0739548092510693,0.9767311793067897,0.9102737665314689,0.89588217786574,1.0181171765670203,1.0980474112554206,1.0950259955769888,1.0557040478961597,1.0409746965937103,1.0475696108383992,1.0410340083571616,1.0265470573838393,1.0168003797651433,1.022256168285364,1.0453040809573355,1.0683297630090596,1.0765989957110842,1.0771575798582516,1.0758301906426126,1.0693697809814682,1.0631973299739488,1.0545258498912309,1.0403736960508265,1.0270528468370546,1.013779832945582,1.0078349642307431,1.0137757279459185,1.0241157440022661,1.0388878002500694,1.0577688857405547,1.0749931581447505,1.0847016128508282,1.084996753496685,1.0778144470194861,1.0772281925800598,1.066301183417616,1.057757848107735,1.0544984711419265,1.0567920282871974,1.0626633944609687,1.0691298313302464,1.0739554132253961,1.0766068187510938,1.0780451777324709,1.0796416258652837,1.0813731442633394,1.0817140578177813,1.0795051979378223,1.0748241455327525,1.0683551089627399,1.060608685654383,1.0517190382959434,1.0419510736393351,1.0324136359574736,1.024995402738163,1.021433617998559,1.022480822087278,1.0276417985279362,1.0353174146822999,1.0434425111715404,1.0504110082248366,1.0555537758759852,1.0589786411740827,1.0612169970331455,1.062928989545679,1.0646385600967214,1.0665341461087143,1.0684385001352121,1.06995831856194,1.0707051068685352,1.0704645226462663,1.0692639684208578,1.0673495504812927,1.065102036672441,1.0629272721820642,1.0611623624620155,1.0600299668108557,1.0596439575610106,1.0600404819534675,1.0612030132479133,1.0630683123576259,1.0655202966117507,1.0683848442160597,1.0714351827917252,1.0744138879459697,1.0770724258471134,1.0792188453896487,1.0807548561151652,1.0816858034406718
60053798500,1.646891231312462,1.7780380115853147,2.7642916041649968,0.9623816390092064,1.2697175072445315,1.0646188641061745,1.8232706076100889,1.167285581046271,1.954451764391869,2.329465145037065,0.920647189609287,1.4485856396610621,1.6751958869842865,1.17758605358059,2.320150830604121,1.2024344421521254,1.6648714815577492,1.610649774737394,1.5957950858500625,2.260222301187892,1.6586946417423152,1.685342249375064,1.8810569370842625,1.5271218247462301,1.2075673218870173,0.9124470140836629,1.0906072960136723,1.1666000860804195,1.4639596459655755,1.5941835667535278,1.4892805968768763,1.6896925862253924,1.6515496104144163,1.6501895058112819,1.4236124182097378,1.511722241455001,1.6459032977854071,1.6170658865190788,2.391405132235766,1.8647343752245245,1.8213485281275386,1.8922423772292485,1.7629683000599663,1.5672600176188463,1.4521972356946575,1.9870220014752764,2.3844333039706407,2.383643117605868,2.134694778608344,1.4872724745451458,1.2702713892465947,2.3152552606048724,1.8434923752703212,1.4021568015177304,1.3713173868584372,1.527819497383728,1.6533344940055488,1.726461492321412,1.7732868068881429,1.7877178657255854,1.7704902507919973,1.8483746064505588,1.842352814894591,1.7881437657796364,1.720739351454471,1.6879631031390088,1.765078451274967,1.8719125077132526,1.828489831946214,1.6612653087832727,1.4854538091923701,1.4252185760318765,1.4879063995172563,1.549581802388118,1.4728948100668326,1.3752688110709401,1.370558641055911,1.363355192696764,1.3251364272584492,1.2998418033163341,1.4288254841265564,1.6812599082984712,1.7703846817097826,1.7888702074672607,1.8139689491004598,1.8293134520368346,1.8351459139746078,1.8564500025981407,1.9134119049208782,2.0049090679621653,2.110378885114113,2.2015672704081735,2.253203749029448,2.235742313753993,2.123976154051936,1.9541531228488187,1.8800882428156345,1.9985799456664537,2.178738942544934,2.3048251616839197,2.3682950641320573,2.3934572030320442
180073811000,1.3704550326734846,1.5594613875567396,1.0680265662996304,1.387327960065561,1.0515596480227387,1.5277248885930734,1.0006652904017388,0.9651496044211899,1.4716534485124146,1.1029383726405686,1.391513355869944,1.2393847118401393,1.25710745549009,1.639910196474997,1.6580433384248465,1.6778546449013054,1.613239930087227,1.4359749477460615,1.315604742981139,1.3318195740209975,1.5029967971160159,1.4078095811797284,1.4605335249943978,1.1437142481597717,1.0554546738270913,1.0404190841808785,1.1337457269231253,1.0722221594428998,1.1873678271707597,1.277381729986085,1.3231278452735347,1.2312773118758047,1.2675721791062506,1.3934822303371879,1.3456771680493456,1.2526876525551716,1.225839710944436,1.2657629745258971,1.3398884123887647,1.3316257753375265,1.232592549674738,1.2375067693393704,1.3603840477810794,1.3654567791019607,1.3383492446633953,1.4128557589521784,1.5071887255157974,1.5107056434544517,1.5244591956766456,1.4490163809279917,1.3544709264970254,1.3294125413092244,1.2391605060148194,1.1395090313644192,1.0944801224071272,1.0865698859623159,1.09730261554395,1.1205177797971642,1.1702888282917625,1.225025649986107,1.3017073267344987,1.2795016027453376,1.3060590648540233,1.3593705530060254,1.4088907706522569,1.45077775548143,1.4877934049035444,1.5178931330798695,1.5298289787868544,1.5113751115352176,1.4604995486034142,1.3869018757182123,1.3013932361089215,1.2108915573937677,1.1247287865352422,1.059853389275926,1.029045624172909,1.0282328008390613,1.0458184663339745,1.0731440950506799,1.104324035983716,1.1345738097543931,1.1595574671969207,1.1762251116582816,1.1866087955261457,1.1902888169276518,1.1717538549758026,1.1282408113144273,1.076632411824988,1.0300279441315834,0.9922269247760267,0.9628167685235052,0.9408944597259231,0.9263586236517792,0.9198280124910486,0.921621498672386,0.9301977676801644,0.9418367404575663,0.9528749863961724,0.9620945108805721,0.9706382012112653,0.9804487827957872
190862492100,1.1233607720853154,1.0334414245428063,1.0795583846124963,1.0477394427583033,1.0596534539170357,1.015923908534603,1.1228730347522669,1.0580079947567094,1.07100004085157,1.05445847259447,1.0655210558356067,1.0730926553280198,1.1024197522249222,1.102239982926539,1.0992264082137053,1.0871428215305161,1.0917033293557392,1.0855998683176402,1.0854650464541096,1.1043696964130718,1.1132947823697357,1.0742118748849243,1.0651764281932663,1.0640505043144757,1.0924704709969535,1.0777353336923978,1.0644451679238374,1.1079662453560573,1.1238130881609252,1.107523691321981,1.094013611308844,1.0708921032994574,1.0737153759250193,1.0836486749480148,1.0719515079322302,1.0591944456522389,1.0539957939803795,1.0689398296063148,1.0964471496861612,1.1121690542947118,1.1076279147497778,1.0874284824958436,1.0848099871027683,1.0889985119089467,1.0909092932429512,1.1108867294699267,1.1317661906322685,1.1323672873874857,1.1309188629139193,1.1201213387265416,1.1131973624072387,1.1142789543224072,1.116475553181733,1.1156920674290765,1.1138010312904536,1.1087824562969617,1.1015886107362962,1.0974790324166286,1.0979188422215735,1.0981107092854916,1.0905880487304815,1.0739919420650377,1.0637257610201896,1.074327857773956,1.0952376964065735,1.1089502480645121,1.109242814485483,1.1011989878428745,1.092721071226296,1.0874421053947865,1.0870900071162628,1.0921965473198691,1.1008418072532482,1.11158049610365,1.1240453654273876,1.13795172051905,1.1518886067997418,1.162882929834792,1.1683528918705925,1.1676968494628603,1.1615897541597873,1.1508428825809671,1.1362439936427944,1.119549903679883,1.1042050093036115,1.094316198116324,1.0916129801573369,1.0938679469285053,1.0977609392779737,1.1013920676875737,1.1041765423250722,1.1061051131302877,1.1073377900482886,1.108053796083389,1.1084064377393923,1.1085237498031666,1.1085312024341452,1.1085754038407283,1.1088290960951421,1.1094677474365129,1.110621997022503,1.1123241074560963
140305579500,1.0768292776196913,1.039633373375123,1.107980150396422,1.0721719283373503,1.010508192903967,0.8694622238569223,1.134529858907445,1.1979037705251534,1.114635629038323,1.022450025569698,1.0508014175205949,1.029566538222176,1.0104261882518797,1.1307288929865533,1.1810902172378999,1.1819747056687409,1.2116748876533598,1.1895014070045389,1.1718185854432663,1.1891593276016554,1.1650582495743573,1.1851931911302842,1.1325342726932248,1.127572910899923,1.1422434372425991,1.1294250976120086,1.0827664265192993,1.048235497628312,1.0125030660605614,0.8732520936451583,0.8533827304496053,0.9715026680720379,1.060680807142582,1.1078561900172077,1.1531272833960788,1.1543469316334625,1.1100650691072942,1.1084906628398623,1.107889144909786,1.0946772929390276,1.0746796498489462,1.0612108479346882,1.052507065875414,1.0520537854890508,1.0696742786641211,1.1013026554307308,1.1355888429859693,1.1376532679435964,1.170500737240498,1.190282435254198,1.19795798424291,1.210415487243019,1.2273543297541192,1.230919351186981,1.2134299056184763,1.180941928477397,1.1442222624671032,1.1137554050420617,1.0942543172149808,1.083733369437923,1.0781997858941914,1.074870784758511,1.0723578136776117,1.0711086238587304,1.0729438598647951,1.0791889805250292,1.0890393090035024,1.0999117795258198,1.1097259667564814,1.1176230411316639,1.122895488626999,1.124465601139863,1.1213745356422213,1.1138007626604436,1.10365355888774,1.093739590599323,1.0862121636268394,1.0818282086287514,1.0801930940747517,1.0803185127840804,1.081103955726845,1.0816905598701072,1.0816698104047402,1.081092994597608,1.0802780439216477,1.0795085347096813,1.078819416022821,1.0780634123239543,1.077217524313511,1.0766135460926265,1.0768349514135536,1.0783685743188067,1.0813167058619004,1.085365447291101,1.0899698481767572,1.094601612299628,1.0989357697300446,1.1029280540180968,1.1067875466539285,1.1108722504563822,1.1155441954270944,1.1210260168531787
112030924100,1.2959204657251326,1.7193234196392821,1.489422496015692,2.072418942665176,2.621486339044917,1.3386484814549144,1.5975993547486236,3.5660038256651863,5.808426321441961,0.732535574846145,1.7026308279555196,1.67718355183923,4.21392773395056,1.8393098827930887,1.2985746542496504,1.602881567560159,1.7626480817545376,1.8076231744549938,1.8013780497810032,0.6798312216670577,1.958706922733203,1.9418595312558102,1.1558226956072069,2.8660618331774885,1.6508954181563458,1.904972635095077,1.956017473278781,1.7803151857696276,1.8836725722458978,1.3128525004235552,1.0257833414971973,1.2045072897619693,1.5056530407112336,1.7893875609732743,1.7195999215901376,1.5367891328349212,1.4111939373012357,1.6062314817614178,2.8848744111332314,1.9327035228567484,2.6311689411774237,1.6488631789595263,1.3249867501168593,1.5117009067361262,1.880597697878842,1.285366431511604,1.151178501174496,1.1488240371363554,1.1738279869243007,0.9091918582485883,0.9066309382561899,1.0775933138636105,1.4043776431456274,1.6021996673627197,1.7497690265070533,2.0174288467235706,2.0247511756674554,1.9573315994693337,1.8957271156106479,1.8487471380651301,1.8832299396797092,2.0196102839359753,2.1037230251567025,1.805667313092993,1.6109054606866138,1.7171087760926729,1.7651248253603737,1.7310921179933334,1.7703227116558635,1.7915365284914377,1.4954738473665898,1.3355909232019374,1.2833471461549564,1.3185234156339023,1.4794676341494075,1.845782823270058,2.088959813135825,1.5789975031051202,1.5802209922308792,1.6476617668050864,1.5771300797581882,1.603742331627375,1.8415173116085215,1.887245562153635,2.277288580276795,2.3695126273386533,2.1428886631078248,1.853408940632953,1.6192975508203742,1.4530144399895293,1.3453226053594503,1.2819624087636383,1.249143595926128,1.2358394464572326,1.2339581512267108,1.2376246708718504,1.2424348373312488,1.245177825173017,1.2444621067989252,1.2424983719465885,1.2468944383252472,1.2691702479438824
111776182400,1.5544458897976576,1.3628431239214982,1.1038171976274054,1.0673350087027758,1.2560608957882722,1.0891595085081462,1.3561507890350697,1.3545473444120932,1.7678127763418956,1.07657657000369,1.7040422898588288,2.2390027421428127,1.7230396392258527,1.5099636029867605,1.3844901101335654,1.2584696521853158,1.4881509714381953,1.3738632869931335,2.051782093185125,1.4971073295738724,1.2933656192404308,1.2949124021199079,1.2751299589015894,1.0954444339396567,1.2482841169601329,2.179078308482131,1.2169932123880765,1.2070298062815508,1.3140838198770353,1.340663011785556,1.3568760722444762,1.6147096517729687,1.4181197304231445,1.4620173369340796,1.5231810193107576,1.4787730953972904,1.6049770884345589,2.3187469044521856,2.1321247724194285,1.7125790198535427,2.6469362230427897,2.3615029268227232,2.022346653367494,1.6999068578909724,1.6871712858083094,2.0433690930170116,1.7978784034952413,1.7798931698709033,1.5490335710476677,1.4202482391076272,1.3553411218471179,1.3636588689301679,1.3366311600762044,1.3239805651983247,1.3396881395353395,1.3451143505244512,1.417813684469205,1.5535878627048814,1.6765139089734968,1.7263389612644653,1.5687005787099901,1.4522569079569991,1.4226516318754214,1.4231813968736196,1.43823153511092,1.4714557178449783,1.5339937707580766,1.5948746150646427,1.5418914992989223,1.3406152409780396,1.1780189242492414,1.1743218419733723,1.3091268500234268,1.5321585624625729,1.7706403756256215,1.9451121553367043,2.035441521404808,2.0813521040311396,2.1333242410222195,2.210842763823313,2.287592988769072,2.32219124434683,2.3028392047381865,2.230002313637942,2.0861580271098252,1.874326287941229,1.6600232288639023,1.5039306087457482,1.411430468959218,1.3666107493853419,1.3570435540954708,1.3753203067070512,1.4130063643735062,1.4527391860951755,1.4734667772676104,1.4753729394151975,1.4759478221481659,1.4778881294316515,1.4711383309438824,1.4554712742362645,1.4422905305162619,1.438968101548166
160210414600,1.1965020177577046,1.5395204841086374,1.5450352237062472,2.2064056898735447,2.372992846107861,1.6149971368584068,0.9773795612423949,0.8704310240390971,1.067967304575239,2.4473672765203762,2.147757526396006,3.076379868274559,2.54031674426458,1.812712272457858,1.6563325249961456,2.195511323661429,2.5978494194777326,0.9928529738828196,0.7813776208553533,0.6156683633351465,0.9658933345270887,1.6690067769370458,1.6075495626362268,1.4717431210642085,1.0035779643743556,1.2366717635589544,2.0547989759374627,1.9065632430505113,1.6196454671966067,1.8885291760715726,1.9892725793034254,1.9617606226967657,1.2410934134917346,2.9057851218159305,1.9591462694817026,1.8571500910478025,1.9992495713761786,1.8760490524801234,1.743657050478385,1.7553282845200493,1.8038561935640707,2.3214876334671586,4.527733437177829,1.570012010452515,1.8415410497657623,1.8472879782939686,1.774648459702064,1.7697458416036065,1.700337748015328,1.690368820046164,1.749234764265674,1.8731420257002682,2.085465238211795,2.7735701372853963,3.551537598585075,3.5303079552375336,2.0139009301472575,1.7520295076534438,1.5553925889346571,1.4834133485166026,1.541398809337071,1.681455268019505,1.838841640097329,1.9624183327707456,2.0100775344428015,1.9085343854689139,1.6627005878261822,1.4545535508870182,1.3451479289975614,1.2914877358086125,1.2665118796509687,1.2696106842081651,1.3101414034623666,1.3807618382674742,1.4275058865429484,1.4447371785560539,1.5872675061039303,1.9341480703256413,2.003865123150116,1.6554294367928044,1.4443303953182396,1.3582290319753245,1.3118986278986267,1.2907146109826875,1.306855265810602,1.4022976879330238,1.6505523931483699,2.0460797295621216,2.300906733821172,2.2116518057370804,2.029699362916151,1.9099276230838809,1.8241918377986022,1.7432225687316911,1.6639660307536943,1.5905816569364248,1.5273704472320144,1.480180257927152,1.458521443690462,1.4736368668134798,1.5285304190470712,1.6049473858653875
82647336800,1.3868564948120423,1.2716272064195588,1.1256338585796881,1.0706995314548589,1.144815294752618,1.1702338006580828,1.2963458008188353,1.336208972120227,1.1611438958087836,1.0593063937937048,0.9183559160803029,1.0504086080115262,1.1480334054239116,1.1201990861101638,1.2093379589520241,1.1451444749160005,0.9677481272193416,0.9049101654566314,1.1521169111645713,1.34650393162581,1.5162996777792823,1.368369519746302,1.4252409313611856,1.2882950079403415,1.1443321697591586,1.1517522633806985,1.1202483783383657,1.0798284256810897,1.1560730420673715,1.1749289891364276,1.16024698746566,1.2260172137618535,1.2581975311343478,1.2878025198403482,1.2601419156256235,1.2123005507005054,1.1847471135919667,1.1961140769452814,1.1830870781308187,1.083398806104718,1.0233583369378085,1.0668538467460476,1.1373487289337867,1.1904543612192904,1.226970853178089,1.2573567127273786,1.290150730946675,1.2922094567104534,1.3129028356079115,1.2904269629333809,1.2471781688569283,1.2130372314157618,1.199163487810892,1.2012463425982485,1.2141771375567485,1.2314395103836437,1.2470782647830054,1.2575447151518606,1.261259147027349,1.263310964635257,1.2718421457843356,1.2776692997483532,1.2698209675830994,1.2514232658181188,1.2297776749213671,1.2109727630740879,1.1998261867368136,1.199405497024765,1.2086528842867639,1.2201438657919026,1.2247411294914639,1.2227306771346467,1.2229582602917173,1.2301436208229528,1.2401755569433088,1.2458344238387544,1.2431250916902832,1.2324927918891107,1.2162974605333967,1.1968716367731296,1.1763189159781386,1.156638281349566,1.1395520669814763,1.1265187318032917,1.1197190414486518,1.123866613947038,1.1450235870425227,1.1703855584359963,1.1277519851081346,1.0825744862867974,1.1372882439193641,1.1723794659890088,1.182574563114372,1.183970136571107,1.1828134220089839,1.181178269462784,1.1799718937369061,1.1796924454044402,1.180530651820707,1.1824193703333634,1.185171388345157,1.1886458759937761
121622030300,1.2099394203012146,1.2023734150137964,1.2565058443495194,1.2703598353264522,1.020551608147619,0.9759599351652963,1.065335831056013,1.261164881578721,1.271225562019248,1.1870836657135957,1.200891853604371,1.0446772865865388,1.1325451216447588,1.2004096187179023,1.2203630446520273,1.1975508416887028,1.2734026008886687,1.2707412211766622,1.140209778145008,1.167960604381753,1.1768848798719673,1.0899788093059475,1.0752045429376975,1.1344500340710257,1.215516855466403,1.2332469653138847,1.1879209180948995,1.0745132083673943,0.9377655052635894,0.8177836943375093,0.7612793565666711,0.8353351793858911,0.9368557783045757,1.0198598579538465,1.0706825965904085,1.1063316080516292,1.1326530009230296,1.1298823195848402,1.116306670995894,1.10052186026154,1.1075433436768969,1.1563770600805892,1.2462911130675511,1.3236916251911446,1.245682476085833,1.213236874247949,1.21000501247425,1.2100313243276721,1.2118424819608435,1.2113492301493074,1.206292418259859,1.2002506689265426,1.1958278096770225,1.1914690232410416,1.1832960860210857,1.17042052568377,1.15599166436167,1.144017181890847,1.1373186529710253,1.1335779167635163,1.1255948796500783,1.1114206078275322,1.0955858078283156,1.081961625655359,1.0715266801534873,1.0633907508831886,1.0559725370800712,1.0480837257048032,1.0395636392868468,1.0310932376335897,1.024113220813804,1.020734230916409,1.022425026679748,1.0288163727805113,1.0377453318572814,1.0461101821402041,1.0516036831154374,1.0542479776778715,1.0558812836581541,1.0583965664600403,1.0627492185427598,1.068983072607821,1.0764936176962685,1.0842160853527074,1.0909339250099135,1.0958278720677386,1.0989614384027364,1.1012304433815385,1.1037797776767377,1.1074204008595105,1.112443977121703,1.1187520555157662,1.1260210261145251,1.1337694592308765,1.1414003299312427,1.1483252690401233,1.1541440949664188,1.1587556107371733,1.1623304234193348,1.1651870751159845,1.1676572478630836,1.1699957472787075
182242127601,1.1192543713058416,1.1978151153908518,1.0320522298782921,1.2803268531038159,1.2065881062201123,1.161182291748825,1.2353685530203085,1.1948672664939652,1.091950206694256,1.0996448183059877,1.0430467729853874,0.8863659651413701,1.0481310327641102,1.0935089159250941,1.4339787559583235,1.0721031714850333,1.006771677922299,1.2423084799178616,1.3368486774803434,1.2630002237072837,1.0591086075107847,0.9981072290616523,1.0035886473790248,1.024478407970682,1.0962879008018178,1.1003912630197328,1.054871437065342,1.089692691596647,1.1758952491238308,1.2626345549394946,1.254402448876168,1.2267409865900951,1.2165707292216117,1.200894188286068,1.1419281365581566,1.0368364177216436,1.0592079219337143,1.0206365667745116,0.9710365572606582,0.9440888328618098,0.9027691376689941,0.8937028005695153,0.9258382948698427,0.941789906777072,0.9482055143445501,0.9865955812897476,1.0502661295062847,1.054463282196094,1.1226093076228814,1.1431066973056476,1.0881458602163057,1.0239335275558654,0.9999733625047726,1.012980433917189,1.0519476003107038,1.106409234043847,1.141768387355957,1.1440351458824476,1.1388301300313093,1.128168567438166,1.1138025874871196,1.1044621407963937,1.1057580091571126,1.1130498963761795,1.114413900775223,1.1107456866610848,1.1143623742192221,1.1229448782699096,1.1275528585930465,1.123429421448694,1.1113200850057396,1.0954925291005517,1.0815844871284332,1.0750239847248415,1.0784008294832585,1.0899920280719289,1.1060535152102107,1.1236404709619279,1.1414905565923117,1.1593342927332422,1.1767249947832883,1.192569005655111,1.2057607036371785,1.2159427160582623,1.2235359202248597,1.2292283540373166,1.233443280671817,1.2361466101373775,1.2369792117779375,1.2354327823783693,1.2309428680681513,1.2230436671002876,1.2116925053300205,1.1975684597930696,1.182032552192667,1.1667221341696665,1.1530423165560473,1.141792584642948,1.1330102501563932,1.1260486534881686,1.1199022663708387,1.1136857349953315
92747991300,1.0074090107333398,1.0408414419535816,1.0443333298703419,1.0638716559359325,1.0263766095956912,1.0544018711273138,1.0280660568541564,0.9945020258834265,1.049375237199301,1.0874088398720028,1.061127396546078,1.0411755281698984,0.9616450128692616,0.9659853277565846,0.995374268406895,0.9967323802861183,1.008525408597942,1.0424523625467021,1.0316514158722347,1.0131853049024147,1.0148170356269723,1.0380604582049564,1.0503966155753275,1.0762929587119225,1.0662511539088335,1.057933526399185,1.0533031108098716,1.0416370003203477,1.02903703520001,1.0316486833151794,1.0435972456740958,1.0537421131801503,1.051154053192884,1.036598843110827,1.0271706890698928,1.0320444792734473,1.042537278328831,1.0521365521879502,1.055022077239872,1.052403675542571,1.0482940899850317,1.0411403327195954,1.0288089174300763,1.0126891473599233,1.0024209857179265,1.003568814962361,1.0093406714732154,1.0096934391532817,1.014768479551872,1.0173386898599046,1.017592936485931,1.0166915296054726,1.0166198204564088,1.0183175241608726,1.0212653957883242,1.0245904093777771,1.0279758628045312,1.0315755909962543,1.0354564498527885,1.0393567147814597,1.0427852892720844,1.0452544640009955,1.0466420388589934,1.0474063163392908,1.0482237107463859,1.049266748797632,1.0500512897486645,1.050043073760422,1.0490222788425572,1.0469432037791766,1.043836808293953,1.0398488620852495,1.0352390430970577,1.0303960135831407,1.0258661804617903,1.022230772219134,1.0198395981864978,1.0186321647187724,1.0182057143259884,1.0180453476269875,1.0177285072504607,1.0170102178570943,1.0158126527084472,1.0141782124835372,1.012227036748575,1.0101313775582494,1.0080962413958803,1.0063295278528723,1.0049985585500116,1.0041890421437902,1.0038896072857157,1.0040134393486844,1.0044471264892867,1.0051027495516405,1.0059513321687912,1.0070279878568547,1.0084116887675743,1.0101910223104367,1.012430303854633,1.0151473904938924,1.0183072705445517,1.021828520179059
162284959100,1.0963031265666818,1.0004593697404602,1.2493142623249818,1.1446994272539697,1.0114897351296013,1.2677320723896996,1.2736559482266707,1.131767440510516,1.2820736507561818,1.134620639785662,1.0230117039293405,1.115037785297637,1.313017969465372,1.3927266803013076,1.2496975511227326,0.7399929575157577,1.0258168061233104,1.1268526328772421,1.0414326430830831,1.0812689847496624,1.0291065337098502,1.102372918110735,1.1762731512567355,1.2837287472206174,1.327666806542028,1.1758649568803539,1.0009052239749314,0.8957937953966154,0.9603437281729703,0.9875501079377205,0.9817768539185702,1.035903450129068,1.0949798605842342,1.0961875619280868,1.1679461022027224,1.0588528258478238,1.0269862374143894,1.1192010002782093,1.2109184712023993,1.190289732785251,1.2708032717046638,1.2164225362299501,1.302241516199338,1.3860322526523101,1.4282314217949295,1.40593341264193,1.364467570991657,1.3618475704238575,1.3137618587790174,1.2557895188760853,1.2493961321666982,1.2429284156144937,1.1948944247006195,1.1757960428021859,1.19808887167843,1.1783582237016057,1.1419792700205824,1.1183333672864104,1.087558599233529,1.0572786437910953,1.0400426513405538,1.0558267444938052,1.1030227358864944,1.1604444472617177,1.2110095813923025,1.245180760482602,1.2610515326319574,1.262494595239657,1.253962213463788,1.2377084146677704,1.2163639913545685,1.193602905235242,1.1720908087193609,1.1531510811452823,1.136765723681122,1.122472144434049,1.1092994624476196,1.0941765534099481,1.0785838187025552,1.0690222527646105,1.0613521251554678,1.0508898090981935,1.0411076758566014,1.0370066221943814,1.0415183267938801,1.0550528822762502,1.0759932145532294,1.1021049684283917,1.1320800712624923,1.1658049191147808,1.2027962982770426,1.2401158384544442,1.2726372161485338,1.2967837685766672,1.3139536017016378,1.3280951729388655,1.33990530818071,1.346280002628018,1.3452827345767249,1.339052867710355,1.3317446402815571,1.3259580421483719
142641379200,1.3159325820187935,1.270168242935226,1.3108170971958621,0.9467716109709962,1.1093223127045977,1.6053571767767048,1.1801234813024999,1.2155800715877798,0.802175349603968,0.9895109934299782,1.3940791724726547,1.2887715185838062,1.0841450438415308,1.2625830805318277,1.2048687506522384,1.1838710860845605,1.0601646024257403,1.0884481454295198,1.3289345491645814,1.6057639666974475,1.4857521877684778,1.5380133740459028,1.4816089463293474,1.4031812982283765,1.4156074926595759,1.2795816368740403,1.1314493348466892,0.9819511887365926,1.102785767429127,1.2737850068793992,1.405363422965193,1.4690533004922377,1.372661063856751,1.2534204649973102,1.2138157975359924,1.280063340414356,1.2164583812293686,1.224064663992805,1.2253744316566462,1.187101755491486,1.2157821191055425,1.2488843257963491,1.2368833430259598,1.2184247670050528,1.21206478458624,1.193198412342553,1.1482153415055978,1.1455211077208347,1.124899164596877,1.173833449952511,1.237453955670542,1.2549527974413408,1.2474673656559208,1.2305717205663569,1.210756984095506,1.23004429737875,1.3189769241138765,1.4736697683539133,1.5744423284998967,1.51942398668074,1.4198809105862473,1.365312268059252,1.350610661446175,1.3485348771957437,1.3386020194071149,1.2906505225661737,1.2416488768915928,1.254948064830447,1.3186361155015716,1.4132785845608509,1.5009468821473992,1.5437238061296867,1.5391864477457005,1.518996533756073,1.5073108606508216,1.5062195708248294,1.5103521934508177,1.5179804754047912,1.5292565212994476,1.5388644317026008,1.5406234635041678,1.537824564065275,1.5401684171861074,1.5553699372573384,1.584523420665736,1.6192958896207246,1.6418721605293147,1.6341708637174743,1.5954466107846264,1.5434200166617222,1.4963833082974174,1.4624873023135279,1.4413309007280986,1.4290202020556992,1.4214620198135055,1.4154854359424747,1.4088665508489118,1.4000975399816638,1.3882699417297588,1.3731310738539866,1.3551617575444348,1.3354275439542413
203425618600,1.094751815443047,1.0893584769282896,1.0529313524058064,1.063835668796259,1.0163736662389675,1.0598321372338328,0.977797717232231,1.0150805130342555,1.0044372040638658,1.0499584112108502,1.133862834415282,1.0869519133321486,1.0507082575419258,1.044318189411613,1.0337560617789545,1.0380858745723467,1.076209441476275,1.0697267989533794,1.0359797525943375,1.0558775220055163,1.0951616964769317,1.1274078593743313,1.112422402992541,1.0816659205446408,1.069587150614024,1.0572758894315006,1.0404232076056843,1.0360363837647828,1.0467410355125253,1.0552059164306489,1.0409806865902105,1.0271034479766599,1.0217592178071084,1.0240803603629347,1.0423244036538,1.0535427691510078,1.0570166932658451,1.061833145966609,1.0750290143548462,1.089943367905786,1.1101971692918255,1.1171340899707376,1.1153121239775272,1.1146808859129256,1.0985191743602047,1.0719971882414783,1.0462874159296585,1.0447609343581405,1.0206827263657312,1.0092457568542332,1.0141552024398386,1.0238236858357208,1.031888582363666,1.0403781970338215,1.0492067832578333,1.0536584237300728,1.051728457699484,1.0476681327595891,1.0444042783916379,1.0437129398132146,1.045989431327711,1.0489301657095085,1.0484043281274387,1.0429134603036472,1.0355103539692891,1.0290630830007903,1.0237503994853492,1.0190897655222606,1.0156772717075175,1.0141566114831362,1.0142084974347334,1.0153807739732734,1.0177410185805305,1.0214547360854291,1.0259046632184488,1.0293194439414213,1.0296556951231128,1.0261170668413702,1.0200334043341537,1.014075872701655,1.010283118476901,1.0090483884152126,1.0097011813052899,1.0113292413024553,1.0131514294670483,1.0146449787476337,1.0156411809471086,1.0163502881284028,1.0172075755928283,1.018611211596574,1.0207406407909625,1.023540571357473,1.02681859424635,1.0303630748077544,1.034010466905675,1.03763758101038,1.0411065808607531,1.044221535276002,1.046741355301279,1.0484456668329445,1.0492098582257678,1.0490439400683151
172090621200,1.1653890956541235,1.136174858400426,1.088606453241424,1.1345166153813047,1.1651206361158375,0.7572153824085305,1.0281684009221697,0.9614019509331518,1.1647263906649241,1.2555012643548595,1.1282823972926612,1.127724962417039,1.0982160115053803,1.0374358764416785,1.0957044903898288,1.0925407744565472,1.090897431887044,1.1353860317610331,1.0962635989414677,1.079742380128901,1.1332750607821926,1.0880779618290324,1.0177540335013322,0.8506533811638095,0.7635319260126796,0.7745848080961693,0.8601919471921214,0.9037420002429087,0.9323655837582149,0.9731583745944101,1.0573323459180684,1.0633549035511365,0.9911040401032607,0.9244662897482092,0.9805489520828699,1.052452916505298,1.154675898207454,1.2671870213763576,1.272569247286699,1.2146858177548872,1.1785197643469574,1.1673782405021143,1.1749141287026486,1.1789390157548196,1.1511131491708102,1.1066898957212972,1.079829262982915,1.0790571554979556,1.083514930279752,1.1194274753181979,1.171191039747363,1.2099309048319746,1.2179536810158496,1.2103805151563793,1.2087026235012062,1.2147997750362256,1.214445255369137,1.2012480789244735,1.1907983403682814,1.189243556932764,1.1914798645126057,1.187435406140259,1.1702875535561228,1.1384501248599894,1.0908503164040377,1.0326267976300372,0.9789526943975744,0.9402070226725325,0.9132003700064849,0.8892100440431067,0.8634232714493064,0.8376890842480343,0.8187976385463945,0.8149323526716478,0.8303980983389452,0.8612842120235696,0.8977172666397749,0.9305388791987083,0.9555052546659561,0.9730738706271302,0.985632755624589,0.9957816757387141,1.0064951512345006,1.0213811134303492,1.043286176107005,1.0722254307477368,1.1055184072922764,1.1399981802933064,1.1735919506272903,1.2053130284803943,1.2344834033224485,1.2600389975728883,1.280379092091473,1.293921800472556,1.3000758562597463,1.2998437062050936,1.2954084072447625,1.2890366438420322,1.2822688157928166,1.2758087116078223,1.2697925007570883,1.2640738369077458
82685012000,1.2912569995994798,1.3434953407903696,1.2573085311212193,1.143294937303328,1.1856610281009425,1.1224716179761376,1.1518866059245787,1.2613248913584738,1.4009326714294408,1.3022425883115876,1.1707660354837783,1.2650379291710456,1.115265284011222,1.1331149986480482,1.1830174370437812,1.1521209765971154,1.1777888888534176,1.092124814118975,0.9367516948410294,1.0771056045362972,1.1257093326370162,1.1710853908009564,1.2468845534350226,1.1798526684724622,1.137482271185485,1.1185795337113422,1.0958754234581258,1.1746053573373667,1.1038972143616388,1.0819985230199645,1.051079259924383,1.0495824370969966,1.0806259245920737,1.1102931086456995,1.1433939226591954,1.1933312797329225,1.243311763922132,1.2733998876002355,1.2549107331499383,1.2011245115035185,1.1936141777222304,1.228849288313618,1.310313188402655,1.3268960172848203,1.3110665900948857,1.3199186112623946,1.3394158238408538,1.3399408957827748,1.3272349473827179,1.2588980931703886,1.1660269660435976,1.0522354581589273,0.9470555605711904,0.8741204776517518,0.9227706588261093,0.9963541092712497,0.9993927562750472,0.9710064661195102,0.9698403261878423,1.0040714293953223,1.0403749130235116,1.0642489542534077,1.0826093449366558,1.100354617228526,1.1157994163573812,1.1246763113909715,1.1215935090885496,1.1078406056659578,1.090769006010753,1.0714135280659212,1.052298641294348,1.0477282258093836,1.063360909010371,1.0820067087718113,1.091117553233963,1.089550396092039,1.079730342618413,1.064960722798407,1.0463485377721007,1.0256204717008408,1.0067277916884987,0.9938438787137911,0.9885546724652127,0.9892131853149151,0.9940074405475143,1.0029819418424855,1.0173929135738424,1.037277327186372,1.0588718691575543,1.0779460431117525,1.0957035349077928,1.1146632278473265,1.134226928816685,1.152318839494906,1.1669034341719593,1.1762386595532976,1.1793864931828442,1.1772518315804623,1.1722975997039156,1.1665280142215804,1.160320568410616,1.152925776933649
201411896900,1.0725039145041328,1.1824663332496301,1.0895790663192273,1.0378420499424184,1.1365415623958657,1.0827672210805837,1.0959102369163207,0.9893877272005844,1.1155271811349614,0.9670129729702835,1.0913560549717276,1.1620944599103968,1.2709152941181687,1.2327953056210255,1.2474846693199482,1.2295526392297775,1.2469229363096301,1.2338757514994565,1.2053628007689439,1.2902390120564031,1.2397628919253219,1.1673185734751261,1.0790604926500476,1.0456232164242574,0.9772889427923854,0.9303030945272323,0.9099139255743779,0.9549979815835622,1.0423528272644536,1.057942287087398,1.0367242509488928,1.0398656754549789,1.0574589289940253,1.0188572376214033,0.987484376531444,1.0100394283096696,1.000081060039781,0.9862092416101137,0.9924627768458636,1.0239617874334914,1.0629759606463505,1.0840206382780158,1.1041759361117798,1.1301301061902134,1.1456043122496473,1.1577552450183228,1.1662608248716997,1.1663745175305515,1.1590556704684285,1.1375485840745658,1.1168174522487502,1.107866194282457,1.1091083068167789,1.1214726875670675,1.150084845148194,1.1911420613335768,1.2284443201845052,1.2518660297308875,1.26316090118288,1.2667342823116678,1.2653110681056863,1.2603231645747996,1.2520031800562734,1.2391434992623187,1.2200626011738385,1.1939717402615233,1.1629200083754088,1.1338474173513338,1.1158142642309488,1.1106653772061568,1.110401245599393,1.106918800221082,1.0990187696099583,1.0916653459765588,1.0902251649276278,1.0949014121714167,1.1016670699625513,1.1066844353418364,1.1087188724014145,1.1087579635004672,1.1086050852258702,1.1097943784668838,1.1131442026739913,1.1187791014771935,1.126395632000506,1.135590205354381,1.146092053239877,1.1577918784453352,1.1705769776138986,1.184114466354857,1.197732647864287,1.2104372682295184,1.2210153859096706,1.2281938954143823,1.230850908901827,1.2282677219257025,1.2203834763961139,1.2079842534673675,1.1927041553082904,1.1766991742329913,1.1620172139095708,1.1499849084468654
173582966500,2.5887245755591173,3.2933387137531884,14.617970896771949,1.9215703785725573,2.716434173718553,6.3142218756280455,1.2953614500778494,4.408067134780908,2.8669189697369455,2.0786615088434797,2.0409910482268767,3.0957673341182765,3.267402520794067,1.5870764723226796,2.4500022608169685,4.22120128292895,3.146665358874173,3.4516868305279655,5.430556276593359,1.5169162345313871,2.7001986939449005,4.1032950571211195,4.840510084492205,2.554690594697806,1.7042742146036183,1.3641170290773899,4.819539779199578,5.336445360963294,6.3395432245437195,4.558029488993454,19.389366382797363,7.930107809390177,5.456874211644142,5.864442169100756,3.9733222608140064,2.0187279589115152,2.1409864714724116,3.699887255286571,4.115868232813396,5.324286691562871,8.978026071804907,18.787782701117774,33.17204864375061,73.29128186806649,11.048372073535264,9.664906190780476,4.109630261402705,3.9379131652385126,1.943841817115038,2.707428900571023,4.571095662039789,26.87627968459834,9.706421224085718,12.78147209193408,12.977971628663587,9.87054541210917,9.488867919606559,7.625284423866171,6.54202661809591,5.800264330563243,5.228838139941767,4.7739071609715396,4.417015675735504,4.159940357687255,4.0269573853513,4.100115304803926,4.764469491021505,32.42332370146064,5.714334924410832,6.195464748868815,4.898524219975797,5.069997372757927,6.6165186101991456,9.89851296654357,11.73913250073007,13.590622351853362,6.958742588770806,5.919456873378617,4.818400462649458,4.307890440408838,4.121846204749942,4.136877860005459,4.196684898942571,4.059038522258474,3.6452135121405878,3.1571005574911486,2.7344734835726894,2.39780620376669,2.4101113438085693,2.737531896857979,2.65556646976328,2.468073580137641,2.3547370084950585,2.304336732008123,2.296831097011319,2.3270168656003443,2.400713686597093,2.531332795644888,2.7304533321651534,2.961742633118091,3.0237324324574995,2.67691911715593
61268623100,1.0983402267864772,1.037542131148298,1.0987301260807518,1.2295052413402066,1.2339198607339072,1.0642016451638014,1.023680331446514,1.1008456447138997,1.143937859991798,1.1509359625050435,1.0951871278215497,1.151187998815067,1.1815085103395606,1.2438087446863482,1.1836282102763973,1.0647039849446598,1.027803530750713,1.011700159856814,0.9390275543434523,0.9288833732244284,0.9912383736541645,1.0477233613400827,1.0463713876615877,1.0572722043373668,1.0297782953676444,1.0444008130722855,1.0767319016486874,1.0484756138788625,1.0234566116249644,0.9768092686436912,0.9273154605433308,0.9321076869188583,0.9797610139321504,1.0415052297037501,1.1082560059059055,1.1276569982660913,1.1545741035082717,1.1916300846782784,1.2073455645255247,1.202427493947346,1.1822879713370926,1.1651976357805118,1.1496298497928634,1.1288100466464859,1.1148398806781445,1.121694496610117,1.135718431496543,1.136416529538758,1.1390782044394259,1.1242288853794242,1.111401062512574,1.1008467868516254,1.0918096660492271,1.0863963193997572,1.083404667947092,1.0816856764431577,1.0749998214227485,1.0439996878918256,0.9935791911115835,0.9589912740588423,0.9479809727676248,0.9492458046502845,0.9589551138821262,0.9780135499740517,1.000421051783997,1.0204143178625817,1.0349432489788957,1.0402641351233335,1.0355010257374937,1.0266243755896647,1.0193873128616333,1.0156624388136661,1.0154263076246044,1.0176592594141693,1.020352463013427,1.022972195285746,1.0280649463783138,1.0371943536057255,1.0491331381733615,1.0619731937545396,1.0738915967145588,1.0829375059065163,1.0892038303617273,1.095597775629013,1.1045895083781185,1.1157323213671797,1.1264556083260786,1.1346414595954193,1.1402991305950447,1.1451395743761528,1.1511697124934746,1.1597045840270044,1.1709603140349096,1.1839505821839817,1.1966943325059898,1.206759600378051,1.2121193432849147,1.2121331986234862,1.2078991605350136,1.2014070817810658,1.1943212538602714,1.1874957613888835
152545857400,1.0990313421700213,1.0926310737871103,1.08803527047394,0.9949058315024406,1.0553891232808663,1.0541190385169399,1.0360336570391333,1.039436691113924,1.0742747572992286,1.050217778181946,1.0031006064360704,0.9481333671150542,1.0037308983183308,1.0603720823457543,1.104660463910309,1.1004934536608775,1.070271950352323,1.0633429896406856,1.0359052623945562,1.0637032652412783,1.0844753659407345,1.092418880168863,1.0978786645210834,1.0725117258923667,1.064518971107272,1.0425561851225886,1.0053913224978026,1.0065870838132673,0.9747143527804412,0.9582644468205187,0.9802729303639738,1.0049225840464087,1.0158070550353615,1.0305101049706165,1.0361762105733718,1.028955349707846,1.0293278654046858,1.0374751462710827,1.037259011966422,1.0349645211506426,1.0372468176124054,1.0337848361066853,1.028238679517777,1.026248867559476,1.0287183741614767,1.0347652457722762,1.0431325442673394,1.0436584879385988,1.0522278737678334,1.059945138156282,1.0675127496997285,1.0737124583285826,1.0762758240252626,1.0757195747177128,1.0750784450521087,1.0752940545503533,1.0756629920869631,1.0768148186382565,1.0803961931673958,1.0843479112273609,1.0850902611478737,1.0831942957701355,1.081282546013367,1.0805313522704014,1.0799091832646666,1.07788458268698,1.0741359083753272,1.0696001917184965,1.0653847602074085,1.0617702403497529,1.0584005231628248,1.055540046354092,1.0543357046723267,1.0551680410600544,1.056707813902854,1.0569136907551127,1.0546060148741654,1.0503308628461308,1.045800004264193,1.0425200182661722,1.0410541685222452,1.0412293207382748,1.042586885785407,1.0446422826250914,1.0469539306900173,1.0491094837865822,1.0507078192335328,1.0513913534812656,1.0509419140353913,1.049381047518217,1.0469881473812928,1.044210172261667,1.0415184331088394,1.0392919481223382,1.0377697839887396,1.037064310930137,1.0372035810783975,1.0381736913905366,1.039941223172948,1.0424459591460917,1.0455691329303436,1.0491000326898747
140650707000,1.3446234550589637,1.1185092418459854,1.1618611775318641,1.152043645573073,1.3616091587396677,1.2638699661726192,1.0485266371173332,1.2447158550160842,1.0950368525858363,1.2570020485662803,1.0852830311650512,1.3693362360161576,1.113399324220856,1.1924259537605315,1.070375640247742,1.180752970689354,0.9261268203171605,0.9263330140617879,1.1385265465200007,1.1857906790036503,1.4589911031295413,1.4931187885346615,1.1798672141646527,1.2232728758647082,1.183725262653015,1.1639637109326875,1.2027670459622108,1.1617970701782794,1.148803361280469,1.0721224559494955,1.0380038478267355,1.1697499702919947,1.214122808491217,1.3363767368739172,1.2325726790034455,1.2398351741822347,1.1955414792213679,1.0612419830046655,1.0241879990454792,1.0063470064545423,0.937940751118011,0.9615047595206601,1.0027289226175515,1.0692423248451373,1.2617474045251622,1.3217774742630308,1.2219367477785923,1.2148723125958352,1.1671718841791816,1.1816602826523779,1.2378592422809547,1.2363095508986057,1.144683107542287,1.0755243008447752,1.0671976536818009,1.120282592291289,1.2250784326458217,1.2944134193691583,1.2943795636398774,1.3001245246614799,1.3329359756043977,1.388326039417847,1.4616269224622787,1.4563653638273881,1.2972265479070688,1.2183530728311078,1.180567406732451,1.162103044843164,1.1467648221881885,1.145796550922062,1.167744902761098,1.1787555359087467,1.1893990686544882,1.2073200168063825,1.159715981681799,1.2490537961323027,1.2280973911213442,1.1577195628837862,1.1171620612246156,1.1372258830388693,1.1808075521041719,1.1725943662421507,1.1355471362022775,1.145342820977568,1.1789805711236832,1.2036289632076447,1.2167949654225005,1.2181689971614593,1.2167210166462832,1.2166547897470525,1.2119472138070697,1.1941929278230883,1.1652522337545974,1.1427896420763672,1.1601435398400375,1.2861478895933265,1.4588022837723762,1.3733593280661232,1.1909739118140075,1.0737204750929172,1.015483744569912,0.9918395167769967
131916667100,3.106154930403419,0.8769492653204416,2.1553189680153158,1.124327811345737,2.8758844596101474,2.086904364609546,2.103380649761283,0.4343435882241362,2.1335711543938443,3.3717513519725784,2.86027060548103,2.163037436017449,1.694068528524365,1.3602722259531683,3.643075906062975,1.0131345533292941,1.2011982809256547,1.8095240403872748,1.5616189074673785,1.4115975971552193,1.3803921590791186,2.7398581453104196,1.6719288955468536,2.455978156373577,5.095839221835968,3.257334977475574,1.8350613271627487,1.6101029064057943,2.870800829559303,2.502987840720175,10.173172748203388,3.2792615848343107,2.2693656032406713,2.6428810362594364,2.396038248668873,3.0246515155738254,4.037524202085187,2.7782580054705437,6.240316546068871,2.662376080893731,1.940529135712594,1.7859816395989618,1.8087363608786642,1.9191995486256208,1.7326172948371192,1.7627453858343995,1.9235194217414868,1.9348772671527652,2.0818355868415797,2.122242985689836,2.1457192386726485,2.3573864964797715,2.9534849402287318,3.4138400512105296,1.9394554822190146,1.4056756564442032,1.3081659768527667,1.319537076468916,1.4432633339325007,1.5840267571770485,2.4217332505347375,3.0103274907955857,3.965663417300038,4.614076745782086,2.918716485095926,4.581002014984522,5.091552677882563,4.543549107659219,3.8043828117665726,3.291100200446517,3.0744829121062813,3.0429094761189015,2.9751796292004062,2.679653093203746,2.299788404337778,2.0213934782744643,1.8372160287216863,1.7114275858886014,1.6435213254243002,1.6477637470524493,1.7276273562455282,1.739522541683228,1.7710924836365027,1.7945922509078798,1.8551142138334837,2.0489066481972316,2.5212605118704703,3.3070376071083913,4.058804564657592,4.304928821206189,4.044206030872909,3.58083175593906,3.15527707549105,2.8468738504811637,2.6549301983401037,2.562598855141898,2.5369312368738988,2.4861124611719525,2.2653983036501395,1.9501995210402954,1.7957958391394178,1.75271944628147
61856616000,1.0136810103404286,1.0306552945553733,1.0635278568773536,1.0517358368018295,1.0542542834357542,1.084838858404276,1.043515438642773,1.0414077653304108,1.059005921927096,1.0663877148467504,1.0899794887688035,1.0910527881143035,1.0837754489285902,1.094733493713465,1.1272925295083556,1.130001055670278,1.1530360564482345,1.135844907422661,1.093503468399127,1.0557984531112279,1.0491441462467013,1.0277994509553958,1.046255141194795,1.0759200393569923,1.1032942424721561,1.1088198504270501,1.0979513728816408,1.0679134715671488,1.057121927504039,1.0553608279571016,1.0688206481432299,1.076237403716251,1.088806060735182,1.0918042456561179,1.0911673150523955,1.0853289698035924,1.0780875467305555,1.069572238643518,1.0661413042954335,1.0670738856991335,1.0708190867235161,1.0760904795415842,1.0848816990483066,1.0932753884764488,1.0963822103735827,1.0963001140425455,1.1031198191772085,1.1037643080388055,1.1115015889204745,1.1109989049323306,1.1117294741025086,1.1192711550538212,1.130577453995854,1.133675291318796,1.1264271602229032,1.1184295803823199,1.112489092613185,1.106005615793466,1.096813075319622,1.0854563952805263,1.0754118048204775,1.0699939322142464,1.0682556778202876,1.0667493653642526,1.0628693331500845,1.055402496402613,1.0457784551350562,1.0379080825982931,1.0340696487888996,1.0337488630393787,1.035908155885916,1.0397828149047343,1.0446980734706282,1.0500542809648796,1.055343501450308,1.0601238997080376,1.064055401374627,1.0669849691051436,1.0689818572010001,1.0702924993181138,1.071264938552152,1.0722746446645095,1.0736382508104796,1.07550012328844,1.0777030109714825,1.0797175016585912,1.0807831697937913,1.0803300899448707,1.0784033165159976,1.0756510521686007,1.0728966612595,1.0707474803677812,1.06949074748576,1.0691783624295403,1.0697381602788918,1.0710413648240473,1.072928342930201,1.075215414772044,1.0776981560046446,1.0801550596463176,1.0823519854231098,1.084051451749112
120811958300,1.8348024698865462,1.1735633033635886,1.399825176322007,1.3232237724308404,1.1946944414929974,1.2533989214679642,1.2496662202818654,1.2316960436105817,0.9946036626545196,1.005609817517003,1.2413038319051855,1.3021049557730375,1.469368212941375,1.421955037184705,1.4047554647968612,1.3990141290185505,1.2403228188223334,1.1963687961915561,1.1569001220791526,1.1494414394345847,1.1724004622003532,1.2129708786485802,1.2320671927396716,1.176990082070831,1.2361429919211961,1.3016460595373425,1.1875799773198221,1.1387592181651625,1.1217501024797583,1.110725664114608,1.1089572422880762,1.1671953044548742,1.2427648342646933,1.2239560683682635,1.1428986905222742,1.10641116641692,1.0221510462664247,0.9402973980650678,1.0386793698451622,1.1860267691023954,1.2024041860945742,1.1958586476609943,1.1792075031771112,1.1378552675819122,1.0854438393946895,1.0337913917338586,1.0637132395676674,1.0685883087596384,1.1239296334021587,1.1269505899574015,1.0958710184491551,1.0575515240434767,1.024737791353809,0.9899911490811916,0.9534929638523152,0.9210887248534041,0.8977175578017548,0.8867929398542043,0.8901935581536706,0.9052806286958784,0.9244385850980017,0.9426937267814274,0.9612119490419546,0.981668133017446,1.003935794858658,1.0272792303919593,1.0504166569112552,1.072077614985933,1.0939690715297745,1.1188234798450194,1.14060923110384,1.145715714100396,1.1298961703998625,1.1036181808462004,1.078783786624531,1.0640698055478532,1.0670570202246725,1.0928173216953572,1.1369513643652236,1.1771508699312958,1.1904486732807291,1.1829754096062048,1.1751264909522916,1.1738430860996318,1.1750813132937787,1.174921606125619,1.1724294056557993,1.1684475569577057,1.1642601376242316,1.160712891262685,1.1576810561959026,1.1540195354185594,1.1481010481273173,1.138594594603832,1.124950557334727,1.1074248409261742,1.0868532111676048,1.064416641202677,1.0414685929415597,1.0193516449832363,0.9991236671306705,0.9812641847991888
183366086300,1.7579490189908507,1.6465593643496947,1.2272824081533726,1.3160964879264108,1.591544765297578,1.906501314059213,1.698775796357161,1.4644455906384022,2.0995932205999144,2.4031779731114398,1.9407854466438872,2.0571250057429973,2.0191309887056152,1.7902219210291248,2.189023969417406,98.94759986788813,17.47546760096657,85.71262922661582,3.251590639165753,2.307699990682311,4.035816669095908,4.013886455871113,2.4384113585443177,1.3638984953317161,1.5216370828569545,1.8066547726968123,1.9466163173102486,1.9871616244609072,1.888330455943115,1.7440307906132617,1.8289023596972227,1.708892461339348,1.993555351273966,1.7046019153071164,1.5201129393562154,1.0953731175300458,1.7270713059613658,1.423213174986085,1.4608330995240972,1.8077588170119894,1.6824160565796429,1.5671874461016713,1.5651567460876703,1.5718583395913948,1.6862748215947772,1.774129453408388,1.7796723968181245,1.7813243199886524,1.8223486437641665,1.7812481633055364,2.505259955685317,2.9501219380458537,1.9862680409305329,2.4689895535960598,1.8918663639780164,1.6718087423825634,1.6662795590702812,1.8183973518742749,1.8747977937904592,1.99806737655575,1.9862029423803085,1.7585743841120385,1.5019011567489409,1.2109661683553008,0.9571340179092723,1.0622121605838821,1.3049707421520182,1.5391735903459196,1.5476370515905384,1.531490317410043,1.5604884952135156,1.6076538555146207,1.6258521401317432,1.6264516384626093,1.7323012449885384,1.9531442356039248,2.2222485046532436,2.307801965422624,2.1751111286225364,1.956067901410409,1.603336732037215,1.4881976396663368,1.5153469410628986,1.5203894051367537,1.50707382403132,1.4593754137474384,1.386078211344474,1.3047378493385084,1.214583454389326,1.2313760357072143,1.2530997780190036,1.169191844965326,1.136387953474838,1.206721100213476,1.293486210303455,1.3631709098855078,1.4063196435647956,1.4225334590818786,1.4176096157773148,1.4021043829513113,1.3909255089130754,1.4071968955784524
130272787100,1.0344832582935652,1.3766802129667135,1.4109665404827807,1.3370032327551535,1.4713116378874733,2.0328931697747903,1.5907070336609608,1.5004353071684569,1.2586385350651528,1.2660381069871105,1.2337441584028852,1.152026625174412,1.4654968940751836,1.2012846998706823,1.070216997318461,1.138560632865526,1.0983260672825972,1.0254288838950951,1.137118063357332,1.2586234866667827,1.305384510972585,1.390795704940847,1.4577657444292267,1.3036600923447978,1.1525304068098239,1.147440828640185,1.2568709119139398,1.2416062826759995,1.2540478848395553,1.290737677170311,1.3329766907015794,1.4177209413263256,1.6576399048017791,1.852291363212415,1.7508172017153942,1.5771051367138975,1.4761635157885626,1.413501805767138,1.3503339631437596,1.296027527597766,1.2576347879955347,1.243430699104281,1.2627555488854671,1.2980349175240047,1.3210928642971642,1.330542727646591,1.3222362818865985,1.3210469660103914,1.290958463168255,1.259399267263482,1.2481573045931913,1.2756760509048073,1.2912112112513876,1.2635566207167375,1.2556598030402173,1.2545367694473752,1.25405348769516,1.2614321147512402,1.2800178423036936,1.3052708095349805,1.325807799705762,1.331603268598092,1.3277804305148642,1.3226756301981535,1.3133726279828908,1.2952092989033899,1.2695136538126939,1.2417502786076489,1.2173667190360133,1.199091639588406,1.1863643233640873,1.1767765823202119,1.1684724484496112,1.161319319868923,1.1558345152800051,1.1519674408666514,1.1492587711177533,1.147368357319764,1.146192621747108,1.1457091641232806,1.1458105583596683,1.1462534129727044,1.1467580007989315,1.147210636231928,1.1478467970025217,1.1492853268204848,1.152359383051341,1.1578231739168818,1.1660874978223732,1.1770843943240483,1.19029900277096,1.2049483632686957,1.2202019846203382,1.235328813733438,1.249738612450825,1.2629614069141128,1.2746199421968116,1.2844199133453735,1.2921528936255766,1.2977001571838682,1.3010376473916954,1.3022505256268826
183260084500,1.7849980779739254,2.3254066512599905,2.6571122371177376,4.260397047544777,2.4423954768817002,2.175245555221343,1.6512200523841487,1.0480658189212637,4.106283975729406,2.7703800703958468,1.762332072459537,2.5795876817798775,2.341021490068812,2.364081636064344,2.2679501963657467,2.5476777886978503,7.350949156961095,4.583712191218102,4.322502080661371,8.450471308477125,9.259977370679305,4.459924676463287,3.4398229537971123,1.9121955516787899,1.6764431870558905,1.867998425374852,2.712408039025178,1.1411798258304353,1.0491713326558005,1.4172961052339805,1.0002302405852272,1.1646224795024294,2.527128887196468,4.8093810270585315,7.92806204877257,8.686935217025102,5.600154582110722,4.049239311664189,4.193815543478123,5.915036521465981,3.97550703478815,2.454059614763389,2.0660663962525176,1.876813458419152,1.5858542433332115,1.5514966138067772,1.602202206243744,1.6026496859121029,1.6034189109010644,1.6015347087196021,1.5958104385582834,1.575967740417205,1.5051676916652645,1.3855477793750934,1.5119993539285883,1.501867154386102,1.833306067929405,1.980143682858766,1.9087781454014852,1.4966929860250096,1.4552105177911479,1.8086827562963257,1.8770457558790952,1.4976476558883802,1.3641699538908216,1.3997108162880407,1.5449960159791691,1.703351059527566,1.8064916218008698,1.8938132580311677,2.0424636744124745,2.2542801965788963,2.4355470650534694,2.477473025001651,2.434672794781909,2.403132865099562,2.3613059010642288,2.271458712212467,2.354539426763421,2.4878953479966497,2.50281727653818,2.452957027428142,2.4826798209451386,2.6182409475722137,2.597658530882684,2.483328545582331,2.331451406300066,2.1575028437460357,1.9825430205540384,1.8579576232420576,1.8240209516612718,1.89470726478034,2.072226910208507,2.4096574461293736,3.1104966877342397,3.9315540026222524,4.008824518438039,3.6070506333446204,3.3106931953854013,3.3297703879448606,3.819918423831643,4.879494869824907
80102573300,1.0759608478297553,1.0889339419027468,1.0277750887599155,1.034389311838062,1.0459807177939815,1.1185425551051011,1.1362828140005556,1.0917289893748374,1.1989197468396453,1.0745477975807545,0.9905530279506699,0.9680221840229302,1.0965369383903476,1.1461325894395178,1.0908464886378588,0.9885619441832845,0.9983625625029605,0.9267398860079653,0.9474331659283272,1.048658804081156,1.0655716111557014,1.048546421312251,1.079782698510846,1.0622890565065388,1.05815347202949,1.0255170310343553,1.0573064284410572,1.074494349939496,1.0809869726732917,1.1068683560038548,1.1479390713387447,1.1180113461560883,1.1158704476802022,1.0909306979983022,1.1092143478599976,1.0859258727024534,1.0945530642869097,1.051173188033858,1.040120126546252,1.0063167461511555,0.9927086103537067,0.9663770678519366,0.9791173368973969,1.0097723397827132,1.0321941947300348,1.0769192885413517,1.1078869381896654,1.109029173075227,1.1313149384975287,1.1547605979616715,1.1785986317541886,1.1843765065896232,1.1733509853321293,1.1554920314395056,1.1572667054465342,1.1490180431199477,1.1159650272451198,1.0899816178239476,1.0876028162663542,1.082082234350693,1.0607391092326282,1.06642752878615,1.0814208357944257,1.0916895866386853,1.1038006871933375,1.117765792779625,1.1314887118007595,1.1389834550622693,1.1465782814375949,1.1495219484593482,1.147892449454116,1.1474585411515004,1.1555647729079772,1.1652034683969539,1.1739960618227847,1.1737081412034893,1.155339110712469,1.136733835030608,1.1260618869176335,1.118890453480263,1.1117963069554428,1.1021085215435882,1.0862247367145066,1.0674094856423761,1.0534225528645853,1.047117416649653,1.047618162526194,1.0519164383585602,1.0584324677314965,1.0649696632426822,1.0664828498778602,1.061129018551593,1.0543473088032582,1.051384223385529,1.0524996974630392,1.0568959745744289,1.0646728938668748,1.0737685920145195,1.077897189788748,1.071714929864337,1.0581423266440055,1.04604601801088
201631852200,1.6316220161676753,2.173610812337934,2.93691020238239,3.98528770321335,1.0112556134662123,2.0375545964448785,2.605543592109376,2.3187026709187553,9.614815453067802,6.730621298923935,3.6144378703387443,3.2385249651434966,1.6916799432398564,2.2099593319474793,1.790707793774286,2.330510226907811,2.477170489380351,2.580102541395829,2.718447000610857,2.204663568307737,4.595459699385301,2.4157972674936468,2.2429092962439303,4.032840029876356,2.817313528010036,1.9686287493877284,1.6277876771986999,1.1786155231440567,2.935930039482215,1.5457216873373971,2.0646127191240278,3.360191416668512,4.7952630494361035,2.6204795709829827,2.184843032045526,4.041308022389684,4.057048098138294,4.187317784141163,4.300399563976877,6.543179905704859,2.480182463109982,2.0078791590471456,1.9386046460002757,1.4584508660161373,1.7524397857698264,2.4323004546562133,2.8886772912203984,2.923979565525432,3.7716776743675093,2.9608061321213666,2.5023201643102673,2.5953762218716734,2.6712305112392296,2.582337868850604,2.4362952904074,11.611781896114847,2.329634775422152,2.157900046993192,2.2426939315414613,2.394861366874804,2.6534671844003803,2.8893622328050204,3.3852272250241278,3.886112048150752,4.102539931371047,4.19482890050626,4.284115264626682,4.0587827648528645,3.588971034550515,2.3259050976323423,1.6517320823918709,1.4207155157341875,1.3949249904206695,1.4186191134634916,1.1613891959079958,0.753308856495841,0.8464313523625384,1.004410624629636,1.1456862335484566,1.2881355952150972,1.4375297344916358,1.5934960471486102,1.7542943191737772,1.9130632770406228,2.044154954410115,2.107556488191723,2.1023830108924972,2.0824061260793254,2.0873541793722596,2.1116894699301234,2.1301147165517382,2.128077397918795,2.1144813913723715,2.1083749567782366,2.1189708291356726,2.142086248350994,2.168432251985426,2.190975917657812,2.2075252729443275,2.2196827855815258,2.2301179018221853,2.240008405095924
200663964800,0.8805418190925594,1.1513388120212273,1.2175271511003147,1.2154092517349144,1.422018031559057,1.1773249756817101,1.2869556155316175,1.3543983733130491,1.4084735703180682,1.5771293347917583,1.3117405863741571,1.0783655948132436,1.1059688878400893,1.6447963452984182,1.2232264164400768,1.3081460699017495,1.2889980807776118,1.2687593554080625,1.294280013466682,1.387512208885282,1.199777990741409,1.2684665518309068,1.7331872650427433,2.5915363195944363,1.4014204161736448,1.8572505636217496,1.000464633841721,1.1141814125732634,1.2774447567230163,1.3003180298338644,1.318608977479075,1.2614472124966682,1.2443687650718316,1.323759928301107,1.366021083866889,1.343708520627404,1.2885509529875792,1.2780863043220283,1.2776863425609375,1.264253840382769,1.2391837401520753,1.2200075338606144,1.2401180601738355,1.2379254329333826,1.143884842464662,1.1664466965924039,1.2961741038716157,1.2996227367217366,1.2773483831596308,1.2276559554649515,1.209710827554214,1.2206602352959859,1.238606634234111,1.2322411839903338,1.2067084792213894,1.1889621465197928,1.1894335062959198,1.2074181789602567,1.2443682163462222,1.29725724780723,1.3219049396166767,1.305020830089062,1.2761457012222466,1.208287236666878,1.4117062698685652,1.808708472379227,1.6510618546632836,1.502905746801951,1.4032997654581503,1.3308882235588861,1.2698740246241123,1.2126311813424797,1.1629387333360628,1.1295272725765426,1.1194115667221853,1.134531330751354,1.1683625998003822,1.2081545378808185,1.2427894959864418,1.2674715495796853,1.2820018901802699,1.2873383467871393,1.2854873343849478,1.2810199777190587,1.2793067567755265,1.2829870267473553,1.2904966946689747,1.2965747516014097,1.2935163730693688,1.274071758443587,1.2383276506770071,1.198749644762573,1.170252259929149,1.1567186253542656,1.1529739314115197,1.1529138591403136,1.1528047239704466,1.151037858515009,1.147296671074591,1.1418936466166656,1.1352350523602317,1.1274959197278371
200731925300,1.0788799539306684,1.0113345653231574,1.0914892183760279,1.0761007647920642,1.0513032876440516,1.130892686858941,1.1724671223774648,1.1945576308166763,1.039033176848551,1.0868251760734111,1.102437061224086,1.0082666660466768,1.0075446182060872,1.0966518905196507,1.1975411498407316,1.1664296941224013,0.963461502328952,0.9348052029417784,0.8783404034817653,0.8626593070718743,0.9421025857438544,1.0360263346706327,1.0508599018646452,1.045686385486611,1.0797415710122913,1.082947736993804,1.0757759553741064,1.0860551001612417,1.098622617968521,1.1135573243706303,1.1268477755094315,1.1420787449621916,1.1556532503188093,1.1480004067219067,1.1203820218789329,1.0968724111769774,1.0821406447375066,1.074173940537098,1.0779830170996314,1.0821038974832848,1.0793016886972988,1.07245966539795,1.0680187766634033,1.0664380584356017,1.065653828361885,1.06592383627796,1.0686195235510683,1.0688402543031712,1.0720476851665202,1.07063882325183,1.0607703881767814,1.038571469152558,1.0069548105005393,0.9765844506684931,0.9536366326400998,0.9377891191713524,0.9261941262886927,0.9162268870715619,0.9084885001359835,0.9071141645969633,0.9175380465819947,0.9423337053647659,0.9773521117785003,1.013835967844796,1.0434629477543684,1.0611511520817958,1.0664942313453987,1.0631145739373553,1.055684640522801,1.0474354700146664,1.0396860305967515,1.0326999724284904,1.0267815605948256,1.022749101603548,1.021495096144787,1.0233118061757198,1.0277361354161942,1.0337575009938564,1.0400209243662464,1.0450931022918917,1.0478737247497285,1.0479392247762327,1.045579508629953,1.0415492918609772,1.0367421049532013,1.0319576749494495,1.0278044979826952,1.0246938564247081,1.0228657583527272,1.0224116371186946,1.0232894443776896,1.025343862462542,1.0283423343462994,1.0320228550041393,1.03613590906946,1.040463794734605,1.0448177418515536,1.0490321278041295,1.0529747334453157,1.0565698837542188,1.0598129439239494,1.0627614470211946
173614955400,1.131764750903613,1.2865424283527946,1.2972560957544923,1.2838555694419973,1.0413800965155746,0.9761328253316017,1.1081236829670231,1.225143480429346,1.4007224240626295,1.1519324310041659,1.135162653780883,0.9096351117490555,1.1095584323949326,1.0564188095529572,1.0294728553904593,1.0927452316857527,1.0682936023080405,0.9592882455256414,0.9141923815173271,1.1153553532447706,1.2946349152808434,1.4217051144877715,1.3510107922640062,1.3196241065683294,1.218183386903021,1.0735900261556288,0.9996311143521653,0.9497004197164305,0.9806523140906009,1.1069148406762916,1.264677873254118,1.3314694430268565,1.3054309839216045,1.166211182148192,1.1180196673194684,1.1824029333525705,1.2443179646119427,1.2300598955754394,1.2055080291113314,1.1296575185489615,0.9653183197690862,0.7788275830346422,0.6843984102570355,0.7587662869902074,0.8426623773285331,0.8987759182013025,0.9328879087675264,0.9346495380922106,0.9654872853008428,0.9974616623562671,1.005948093986392,0.9873674175383865,0.9748321996063165,0.984845967794986,1.0167243855380732,1.0654736949763608,1.135639660706735,1.2374212455451041,1.3663044600518712,1.4975951864995602,1.5901983214909896,1.5878969807667598,1.5487781940822727,1.514244250338492,1.4863695002433122,1.4629141509201296,1.4444762196984415,1.4315814434371887,1.4221014140406723,1.4132244875242586,1.4034441703983658,1.3914695655746343,1.375197541888216,1.353863784782597,1.3293850762703734,1.3045646654445204,1.2808897202100746,1.2578326741352743,1.2340762979166704,1.209915970450008,1.1881241247422691,1.1721905905000762,1.1642087831863868,1.1640428779590033,1.1694753852217494,1.1768283580700363,1.1819900250928541,1.1817289117880512,1.174779662150326,1.16207837347955,1.1460414758440407,1.1294432259518647,1.1145481975714828,1.1027543164042948,1.0946389483253576,1.0901998913077815,1.0891357479256547,1.0910855217281574,1.095791281012897,1.1031532885395547,1.1131248346790301,1.1253742400532658
202975448900,1.098308023279597,1.1044840037312735,0.9449917637085286,1.2204403087355318,1.0498301851578795,0.9836689119235361,1.0720170501523718,1.0929789070127673,1.0456646983494455,0.9598005672932438,0.97687402594668,1.1314645962065892,1.1207881928773495,1.0786017054656274,1.1260581027816683,1.1735227743043442,1.0395270276957886,1.0443098004985594,1.1440330327954802,1.1244182820032802,1.1097784432894688,1.0387407380146796,1.0120616631694708,1.0292165368509445,1.0581925318812337,1.0889654530267625,1.115307732874125,1.1075838850204203,1.0616283849949832,1.0367916655014848,1.0428369138757758,1.0595812733795231,1.0709892740934919,1.0609823260646698,1.05802134639788,1.0717251175313658,1.0721600259549025,1.0469905200623775,1.027022949456255,1.028363106050393,1.0529079059478823,1.087481901275255,1.113442866354026,1.1308510911006748,1.140231212704848,1.1309581144165939,1.1062735719700043,1.1045423074257585,1.0742206720790226,1.0507059502641494,1.0387001611908937,1.0346326362562144,1.0312239483085663,1.0225492699842988,1.0125022725741981,1.0162735975978459,1.033781807503584,1.0537747041296688,1.0727250421837546,1.0838302106415363,1.0828497554801735,1.0717365650564659,1.0567190900583963,1.0444559039599464,1.0392622750483829,1.04231885718603,1.0525838777928918,1.06795757817655,1.0856245554310768,1.1022338063681316,1.1147125147039754,1.1210882410898382,1.1210094699981004,1.1158596654821193,1.1082937782457956,1.1014215566277816,1.0978421876457136,1.09872340895385,1.1032742746584414,1.109010569715599,1.1129923907850736,1.1135180150810147,1.1110391743580865,1.1074882350184518,1.1047341352199882,1.1035854875474214,1.1038200922232946,1.1047097236843366,1.105476920510933,1.1055155457860628,1.1044388332242805,1.1020550196649679,1.0983300271060634,1.0933578389107323,1.0873514262508532,1.0806511143883715,1.073714177339828,1.0670553180828477,1.0611551749742538,1.0563836093825563,1.0529685414367767,1.051007817624364
150860522300,2.320467533010761,1.4448917356373971,1.2634239033103583,1.451823330197061,1.922998192984316,1.5569607153591853,1.2383013832187142,1.5181099350614164,1.6952088774463339,2.5997952444924604,1.7131443306344218,1.4354082934628092,1.1533073444878106,1.0668059799261809,1.2126479070663239,1.3779994940004885,1.6703249793603991,3.444594433652948,1.6674417280571585,1.7570954990788359,1.489911185850016,2.2141984156596775,1.596249303043946,1.5613991505108709,1.7312729621150968,1.4828564042337709,1.1999663273350933,1.2571840944733066,1.5192767524027038,1.5063671166417139,1.8898804883464249,1.9518357298439797,2.8582112168983977,4.8596750549533985,3.5381236852148206,2.0750127433837338,1.646415287356031,1.6636894082242575,1.7798692518598145,1.5810181215120211,1.5799002878016777,1.8334229196955825,2.0465281000255118,1.6115603977668345,1.2383180917311145,1.0752276259547224,1.0871905174522467,1.0912160067719219,1.1026172752101067,1.097103111687501,1.204379944235623,1.4508626165486727,1.8164751907495105,2.029724658504918,1.905222722732706,1.9684884282939548,1.8517289995859627,1.6010246350944641,1.4650007135812382,1.474280259205625,1.565593603617087,1.290810031004573,1.141675590159409,1.1292962529010067,1.166871554285654,1.2113268762717715,1.26516166163635,1.335994566194913,1.449892345915622,1.5706828145091867,1.6474857874347335,1.689577290522446,1.7213312208176788,1.758223704142004,1.8118527543464396,1.8821653875216882,1.9199168418979182,1.858728462628084,1.7330544391354683,1.616000485290521,1.5322440733203642,1.4793195041547371,1.4536814551751653,1.4481685175386683,1.452333028554997,1.4649473826091473,1.481928222238591,1.4936956738986074,1.4920073261204465,1.4766604912442487,1.4561425977669418,1.44003201754217,1.432199769925901,1.4333479587799058,1.4560107366628983,1.5234872767814933,1.565102647809384,1.536078988349206,1.4959446887746775,1.4882843954096618,1.5223806245218776,1.560492993112789
193141220900,1.0834269848039157,1.1007145558027236,1.1568052654415162,1.1583601321367953,1.185409903232656,1.0608588707385447,1.106437920075847,1.0865985004246244,1.0661568461688051,1.0834345441375857,1.1138251440531137,1.0601355645661978,1.0799565907827169,1.08311875297569,1.093728005354323,1.0887870207783001,1.074551285695405,1.1220539636442155,1.123038206869217,1.111099425156748,1.0977686468951429,1.087481055424401,1.0923092328205941,1.117066584531535,1.1501937776939086,1.1804446386097214,1.2241712552959565,1.235841751652116,1.2104374728957648,1.1658764237732635,1.150430137812895,1.1269424039248785,1.1042892973727645,1.0982794026964295,1.098036685359882,1.1015442132870588,1.0249161728724556,0.9800321037978886,1.0114385726054878,1.0386300560167812,1.0604400649643115,1.0782959993158423,1.0870645715946996,1.0868461164127337,1.0829183753704128,1.0800131002050013,1.077401656027685,1.0772320799867623,1.0751744251814261,1.078404703097847,1.0884292289865123,1.0961652743369583,1.0916012206625427,1.0745966841555026,1.0503134591582022,1.0257875083383188,1.0049986972237062,0.9883415082620349,0.9758677870663395,0.9678048212320687,0.9641510314824221,0.9654609140859194,0.9730164645838125,0.9874291148147889,1.006805494749621,1.0261026219444793,1.0403135294415387,1.0492226808017504,1.0563078419707652,1.064043929226761,1.0721348093876342,1.0788935817772742,1.0835181227825799,1.0868315976614031,1.0899754423835457,1.093241356313827,1.0961139756877705,1.0978403294799362,1.0979276611956936,1.096347418327739,1.0934162138403827,1.0895183049684067,1.0849121885858533,1.0797350886131323,1.0741211447400516,1.0682995575080834,1.0626043509259135,1.0573957703057522,1.0529644179064472,1.049484600700971,1.0469969647199409,1.0453752799832832,1.0443003547822403,1.043322632411724,1.0420483916876748,1.040343688123851,1.0383863639277597,1.0365317845507074,1.0351248964282782,1.0343904123577248,1.0344241685710178,1.0352379420269047
153034602000,1.2326171785731315,1.192578034666134,1.1062162047099353,1.2970351650795524,1.3103356173694707,1.2838517984718307,1.419714404710805,1.246829653308793,1.1995558598770963,1.1402961321089033,1.024152667553774,0.9385277412115242,1.232587835294344,1.3144268026328494,1.3574932547541123,1.140347206782099,1.0864776895997892,1.205598279614654,1.193795579435203,1.1236680571349547,1.1618074437840176,1.111880552687251,1.0380050656888868,0.9992950880815502,0.9959612266972828,0.8722012599758309,0.8948031359284623,1.0236081085473743,1.0600214717760201,1.0969840977843013,1.137252488560237,1.1604322726779304,1.161032188125892,1.1902858978053348,1.2047077739868328,1.153966831478157,1.0956351490979566,1.0437230266354707,1.005933329719024,0.9814696318275372,0.9466409554191368,0.9037807909264425,0.8911000953184925,0.9460246764259055,1.055523038663083,1.1639523154909006,1.2331424455011302,1.2361777233866933,1.2597727851736682,1.208591910971508,1.1198323161353485,1.0491902549304444,1.0071565825563478,0.9798930600526615,0.9537807157994029,0.9259616566481871,0.9032379353297357,0.8944515628860924,0.9025515338940578,0.9224499208601711,0.9466428917796045,0.9709770856808344,0.9929762311022496,1.010560875585511,1.024290219320273,1.0373096893972638,1.0516921049935604,1.066009237127645,1.0757961574029355,1.0770740048846783,1.069377982308946,1.0553166262426932,1.0393024969344653,1.026085071320715,1.0188408791051493,1.0186443186715295,1.0268719201880023,1.0478216317167255,1.0861716390509946,1.1382472762746356,1.1842071163931798,1.2066476765795382,1.2092578946115635,1.2042829068522871,1.2000818040714165,1.1987951125515184,1.1987963967851478,1.1975707170259677,1.1934893273058034,1.186381014974252,1.1772594873298527,1.1676365265839599,1.1586541231545118,1.1503199682108531,1.1414789108039494,1.1307915035021692,1.1178154527022033,1.1031775307910971,1.0880307855689837,1.0735332688926298,1.0606209902687282,1.0499450625308735
162975276100,1.3224735192399526,1.2638893757802603,1.2421197884489594,0.9944926756283984,0.9639913967750764,0.9437245638155425,1.2368250882018894,1.1496945054588183,1.283431706156448,1.2649278318290855,1.1855309440842285,1.1407328775293986,1.1669849611808498,1.1504256913736628,0.995930715646434,1.0842349728245833,1.0927047163351817,1.0512092432609779,1.1170361765268875,1.1849997876092007,1.3913351879963514,1.5373976504891966,1.1797674088689167,1.2438177356665752,1.2629127009860337,1.1480382347712819,0.9710777482881008,0.942310677282671,1.0483810866797896,1.0302792850297589,1.0350620624358304,1.0586014140025446,1.0916611282572788,1.1414617037487078,1.1910238475745683,1.2039301619571927,1.1950561776863997,1.2220715118521577,1.263598917339827,1.2497885382184315,1.2505550865020336,1.3565495600184638,1.2725709731523995,1.2309255378991037,1.2273232109469692,1.2150506741283609,1.1729215418023462,1.1698367233528266,1.1308901333009782,1.1242859981516298,1.1190811413191537,1.1140311990914074,1.1102209553467028,1.11127442672736,1.1160383590158829,1.1235463164192456,1.1370385450530305,1.1575397727603156,1.1814631516683245,1.2020292851825776,1.2121527736375473,1.2097110328523852,1.2001284978197369,1.191370183283586,1.1875108148558737,1.190778631916203,1.2067777623245333,1.2413682413996128,1.2818491302832102,1.289639887969476,1.2667833578107968,1.2460844231734525,1.2322895516619066,1.219527214413141,1.2060637537419747,1.1926110154769956,1.1787540182974765,1.1644359666154458,1.151197610518175,1.1407633763667417,1.1338563228243774,1.130176363605651,1.128869927715783,1.1289610896066948,1.1295937798742535,1.1301195898496472,1.1301045562916296,1.1293078618274954,1.1276581614740542,1.1252377276407437,1.1222787831495689,1.1191716050296665,1.1164739148739333,1.1148945659269676,1.115207119230526,1.1180482335691622,1.1236043177524255,1.1313137266914588,1.1398634979212134,1.1477373756635278,1.1541576928998076,1.1597294880964404
81846293700,1.297677381954686,1.236843311256598,1.2252740198564014,1.1745207205628274,1.1991081777040884,1.3874213088264407,0.8299177373324231,1.0212448640600706,1.322973497301384,1.372146798462426,1.2228331871056122,1.271621898166163,1.1873985428443525,1.4811637443176526,1.1433970732784158,0.9696959811587851,1.1494198765239882,1.3064210805929801,1.3699938147320794,1.3420653096924149,1.2577109802826123,1.1575414701796334,1.165008272343897,1.2356143290752921,1.3127338446800252,1.3376870055914083,1.2473538088220981,1.2136778420843095,1.1951434592079695,1.3008000382592309,1.3392613914341849,1.382287341529701,1.2384987939130425,1.156460417742559,1.1965119854416872,1.3175291927598884,1.4150728851566259,1.522600516667988,1.6130513276654919,1.688571624898456,1.6793563620006082,1.7132835071951382,1.7364209350990663,1.7253166477687527,1.6139342594120984,1.3082788110991912,1.3260610452750219,1.3306000149619015,1.342463619785394,1.3071000389945637,1.3233887413602212,1.3345348977047484,1.331295917918956,1.2856464470635616,1.2633505359362875,1.2919421519853114,1.324035035305886,1.3305377400796174,1.3095340054427609,1.278039152962603,1.2508790337498787,1.225319908247312,1.1947892257308443,1.1755970906662452,1.1728749315733706,1.1805164620639867,1.194664789442742,1.2128052920406867,1.23586764169659,1.2725759568376525,1.3362864736767308,1.4250797137615696,1.4226477981369514,1.3062997524468647,1.2270151661209654,1.1933794654521552,1.1808135092655234,1.1785914671166224,1.1821123470692094,1.1889606563357167,1.1975690010725322,1.2066226433614482,1.2152474207435409,1.2229520026959182,1.2289494658209084,1.2322932821888408,1.2327780056860802,1.231133200933792,1.2281173678697221,1.2236573150305423,1.217105099548634,1.2080964174376403,1.1970229313804746,1.1850561582935129,1.1738533886739766,1.1650100377225376,1.1596325313666906,1.1582163316692136,1.1606992979598962,1.1665692281111149,1.1749968483783304,1.1849874949748995
160783272600,1.5404383855906023,2.7126859659832276,1.617631248163324,1.6818429073109802,2.1757528796404357,2.420907983140354,1.3437587016480124,1.6996519245203647,1.650654914753728,1.8912901664039588,2.312812040757241,1.5180500848603469,1.647764857061836,2.10047743720583,2.0213995929453166,2.1601069302972595,3.495526156877132,3.141688506479297,3.3750217221873076,6.513187389584066,2.476962121942933,2.089594485013816,2.658455582366456,2.9291057860057643,1.986605301370338,1.620673904057876,1.620926881288083,1.6207532458417933,1.6842216303650366,1.6966973828068332,1.4694710157472715,1.225333967317746,1.163616427506203,1.0899402774404539,1.6182844921776498,1.8593680082496353,1.9020479230306722,1.8733346946180998,1.8437519284752355,1.8176175210983065,1.7618139655191942,1.8906627547472286,1.7050804225873277,1.6451909500463686,1.8805852754019055,1.8573580034897363,1.8048158602227145,1.8050161067866293,1.871006916812208,2.0553740806576166,1.6896141990533884,1.624074734677749,1.6139522006943663,1.6961198847750554,1.7173076698124803,1.868850906762418,2.2034614361211715,2.385029398013535,2.4840431307183204,2.25373097413519,1.8995997543164658,1.895037511019836,2.4260041835368495,2.255613065899277,1.8640023439322644,1.787766143562877,1.8236764774423637,1.889329411704678,2.028724708364509,2.291897839447073,2.406676273030604,2.482451649956485,2.5782493038696925,2.458085184829705,2.1442731548548313,1.9305980047431326,1.8472392591131621,1.8223002793834955,1.8243561670413253,1.8442826265080317,1.878410702013788,1.9280215741072024,2.00468763658038,2.1213706235754026,2.2487354370520465,2.3346083677469784,2.381165574815781,2.4098553518143557,2.4206880935235535,2.4014913518456127,2.3452052172583953,2.2707449797980455,2.184824937478983,2.110903683024492,2.097596974964061,2.13499209967987,2.1447130748362393,2.075882959774497,1.9625902215811688,1.8567260203729075,1.7795837887143897,1.7311936320048091
181734718600,1.0832799430503044,1.1109446330807047,1.1034447566977441,1.0861531419383492,1.0428939534870079,1.04854461801755,1.151293927385874,1.165356417506766,1.1418411089012848,1.1583952556167458,1.1592362406861936,1.1135648515772836,1.0452403883074273,1.0531162917632912,1.0752247528327967,1.0245036422077822,1.0121163584664854,1.0178635048227886,1.0087359381510053,1.0401705445051324,1.1445907952350889,1.1832238847141778,1.1784114274147441,1.1905777892478924,1.1243375019785253,1.0774656611848072,1.0064601608259354,1.140867318905403,1.1895538521460678,1.185231941239047,1.1498897034400568,1.1577183550862402,1.185064236788565,1.1787597082677084,1.1462236377975128,1.095326034484935,1.0642229910780303,1.062482890780331,1.052006598274077,1.0237678593803894,1.0023294655601247,0.9997135756927322,1.0022718844403218,0.9963283100722451,0.9898943574848599,0.9884227200055579,0.9832566191897659,0.9827795338004606,0.9737733042032466,0.9698293254886869,0.977150715703852,0.9928720424310726,1.0015216769980881,0.9913515334568674,0.9843514895294537,1.0002817007202864,1.024412076412569,1.044701503625516,1.057491409967922,1.064420001675103,1.0711933119152672,1.0811147814536683,1.091154274316441,1.097866044181983,1.1043168157995449,1.115301791768155,1.1301092148218899,1.145505983946846,1.1595796464916008,1.1710202849281717,1.1785699349158267,1.181922743014382,1.1821540801049606,1.181056916344481,1.1802870385189954,1.1809139112379168,1.1834021224716378,1.1878479816165128,1.194266115995626,1.2026070115160428,1.2125341127852147,1.223257941145388,1.2333888082167455,1.2406808080269642,1.2420809368808983,1.2348901601653632,1.2188888576985653,1.1971210125843756,1.173597340387508,1.1506516505627682,1.128703424479145,1.1073491536148659,1.0862497192855005,1.0655379740720332,1.0458940351343369,1.028375016419172,1.0140721834927855,1.0037431157021857,0.9976017467755172,0.9953583543854204,0.9964352823030206,1.0001891093392394
181518165600,1.139507265191742,1.1326694714514567,1.1931723259950622,1.2788146341840467,1.056451905124748,1.3619010346819354,1.2002158536085568,1.2041164133019155,1.335556007453974,1.0057770034456919,1.1321295905106383,1.3451489342774863,1.1058440998341768,1.2896777408246693,1.3320184107119624,1.2196086640043946,1.0524259871024304,1.074864685193852,1.0562002062283067,1.0452905701389872,1.2311068497363526,1.3195131284506407,1.2176965091762937,1.2436577049590107,1.4030841757862782,1.278779353185189,1.211646255544545,1.1850125811010215,1.1463912723450433,1.1445963536362471,1.1611302268026134,1.2509926836663072,1.5344110656855239,1.3326802080160904,1.3469618704954214,1.2973364736911541,1.1652448385988055,1.0568912203510468,1.005247143829024,1.0411008111755622,1.062732432011563,1.1723823827060988,1.2661076328407752,1.3055271332365521,1.348264036367264,1.3994332148623654,1.364027802763149,1.3612661514614215,1.3143667993199648,1.2700676527553798,1.2355910715891318,1.2204889396388565,1.2684094976858256,1.3447344162143224,1.3742773646785014,1.4450712080819024,1.5550731419434123,1.5683832236775246,1.497040733129468,1.436857069777378,1.3818865899169812,1.3267245981043292,1.2847333911605303,1.2733675868909249,1.2956046253107831,1.3284885863795235,1.3348768853339967,1.307938753306518,1.2924669312117871,1.1926012744431793,1.0841625056349948,1.0361418584812117,1.0274528393711395,1.0271779388249334,1.0277286797615997,1.0375033528738913,1.0647899138359247,1.1023665934887106,1.1314594553552135,1.1502748529890647,1.176329235542931,1.2075291537280182,1.2241419456578666,1.2255441686483395,1.2232104697466584,1.217269846346983,1.2077513103921955,1.1984132767563578,1.1922151781789463,1.1892004184111455,1.1868199490879545,1.181091251456455,1.1686888020458555,1.1501080726655808,1.1312098929670067,1.120463788891246,1.1241064053004046,1.1431917946872516,1.1736404118524162,1.2089539052253315,1.2435320195828803,1.2738555824310684
102775011900,1.5313859224741946,2.640680769261535,1.5866218308477396,1.1862381778358675,1.4729011388011435,1.310820067788186,2.9698869730649076,0.9213455392535069,2.7851956964618005,2.5879948786919362,1.5443419543010741,1.3806429915352239,1.7106119987958828,1.4646951770593473,1.1444621313547052,1.0760084663220686,1.3496094518446884,1.1499637247298506,1.3903105832356932,1.4715412821125473,1.589425118954675,1.9570328582069463,1.2492001926678267,1.2595317849378849,1.4090893793061174,1.4141896282376056,1.2930526624898193,1.5190479426135859,1.1942947123871281,1.6995848630706452,1.8812732167069202,1.6050498128707735,1.5812953760730857,1.7641007851898791,2.338429356376687,1.168311557917805,1.5832287488924353,2.220837228303829,1.8662367393588142,1.432571283767038,1.432405963583776,1.4984017400827006,1.5328251966591815,1.5348571363561656,1.4937907947770717,1.3738277606491438,1.2496393959317746,1.2432662564529764,1.1401932261320886,0.9767006682615288,0.9722388184692063,1.0280980213785411,1.0572911463384282,1.101492397167683,1.3322537573171993,2.2464154250420783,3.46385714281837,5.015761703413548,7.188586386453909,9.810315194702108,7.417500972139027,5.8368027604836294,4.5644902096259115,3.3528773142682198,3.084615209744869,2.7203621427874825,2.163350225527723,1.7131642163937941,1.511280586247907,1.5008069834717301,1.6049654122909194,1.769962676433428,1.935906470694959,2.031442063467945,2.048645408026867,2.0064120092513673,1.8354838585508193,1.6297459590408214,1.4837773169205932,1.4108473590408543,1.386061629393928,1.385991647785864,1.396418930433458,1.4104652767593495,1.426375046423257,1.4457469116970945,1.4730645073973636,1.5172794845467599,1.5955004848842294,1.7312332487769333,1.8896867148690726,1.9161668062612962,1.8707260276815316,1.7027335942220212,1.5161564114843595,1.4110225712856852,1.4721669857790172,1.598872782749341,1.6526446181276384,1.6227159527696087,1.562371573454877,1.5063002429375332
131342460100,1.0172803768583032,1.736235655501618,1.6807494773551237,1.2190606619480384,1.1368449817183648,1.1138482629322974,1.2398525249961934,1.122967504961306,1.6625393919985907,2.174267403103398,1.3069020687440918,1.133980654988141,1.4022220860804306,1.2849701438327785,1.1455019477355235,1.2460536717745017,1.1569581499771528,1.0874844179828793,0.9708635448104103,1.5595268701596119,1.0650035211852786,1.096251745565451,1.6696286934934639,1.5941772616312075,1.6991580453582655,1.476976855104969,1.4293147163393802,1.294710473888729,1.017152173978227,0.9560096677202855,0.9349176885905423,0.8936269635993376,0.9500388111564132,1.0348902786100356,1.0163201607336811,1.1684111257284597,1.2593245870181946,1.3113148137243669,1.213324156060216,1.133122523147111,1.130058779537172,1.1822302048753672,1.1655912918024303,1.098192874728584,1.0546417527047045,1.0481273821987012,1.0623304183274196,1.0633701640577846,1.0566067151642127,1.0025853884564675,1.0025262322268285,1.0868719118874122,1.295166320926458,1.4554935670245404,1.342694908976376,1.224699365947969,1.1519788500046373,1.0903931855228248,1.0507121658095546,1.0709018132361898,1.1490531713149046,1.2327805787979766,1.3058359894648222,1.382629163859296,1.4591174614040032,1.5089429883917411,1.537337280043268,1.5697063032522198,1.6096159464089619,1.6538918636635738,1.6892314905319183,1.6154317612083848,1.4761877935218606,1.383807111567232,1.3211109097521567,1.268383602451721,1.2177172487541712,1.1739565998651853,1.14911634627154,1.1495112702125425,1.173196531295126,1.2099842517633954,1.234624741072793,1.2149485546025205,1.1741722890614188,1.1629142746877226,1.168643153610165,1.1759406994843,1.1835343343019982,1.1934721551304115,1.207611364104685,1.2271210261218504,1.2516723635912832,1.277641811571212,1.298189624110983,1.306914494424789,1.3002896024494655,1.2780153427933727,1.247134518505252,1.2175351335699538,1.1937837854165756,1.1762346024928712
153346831100,1.4223888535802627,1.1644311581926825,0.7138575407116782,1.2989244044395776,1.2705791568149643,1.322499564957836,1.2702880802034118,1.2808607487289734,1.0949385190614562,1.043338000437434,1.1370099092745423,1.1071282716331665,1.1276410071825143,0.9793756465099701,1.1054008329584224,1.1983139711908735,1.4230425748884579,1.2082097218017787,1.1554012697486076,1.1452997839159322,1.1850622820172931,1.1641164980806842,1.198377592021179,1.1468141081645977,0.9855675306221877,1.0132937345100819,1.2416021255432899,1.4313292492201064,1.3679410257977251,1.2661095123698625,1.1463170761924752,1.0289105833646888,1.163357700972204,1.2572651397029933,1.2438255494208637,1.1512154033348627,1.1346129212830882,1.2200815595094208,1.4045669860207755,1.883818606368043,2.4167649665952635,1.945969827590344,1.2544602788812866,1.2049883858521593,1.0563700705733998,1.043522782886921,1.095132635178009,1.0962299129724768,0.9637250246545155,0.9840019971166291,1.1131200457241037,1.220143492690958,1.3345659639613203,1.3494025800884808,1.2899692056898162,1.1928604291411444,1.0918069990963863,1.0036771848859696,0.932087905443112,0.9074013280106201,0.9371624075245648,0.9877985930113266,1.0287096447920119,1.0514646870625353,1.0683529899354003,1.0890080248297496,1.120393907241028,1.1677375981560116,1.2262122888413665,1.2819574933253135,1.3176522046480792,1.3236862823352735,1.3085952849203617,1.2904488249673982,1.2784592336240714,1.2717098523946295,1.265832877871361,1.2553134276621079,1.2361451772392376,1.2082441993638666,1.1754353633404606,1.1430798333783172,1.1157073706261693,1.096224401444704,1.0857320149656136,1.083371434448009,1.0868680478766797,1.0937238559133655,1.102164588630947,1.111291877271815,1.1206977692495053,1.1301648469591747,1.1397971382906391,1.1504426723710144,1.1639700385039053,1.1829320434953092,1.2094644648313237,1.2440615821288186,1.2852521625302684,1.3299890998858555,1.3741869754143283,1.4137866005055442
193367597500,1.2429963259649517,1.448069975607463,2.0883709049598513,1.86701679542443,1.4314004959414275,1.562862403094238,1.8528167839973564,1.4767451292281895,1.5005088489829803,1.5176876446510272,1.3157457070633831,1.1067014121218866,1.6081349002230065,1.8317552185258061,1.337559774776996,0.9561751689078286,1.1041749304715847,0.9248333970690947,1.5457974512903832,1.493310108847425,2.8834136364467127,2.4155347860365817,1.5711983443824644,1.7835734802055891,2.466070788165966,1.835706775185291,2.1231417084661857,2.190140703951307,1.634009646565078,1.6724625615747828,1.530956152133586,1.4068797878973853,1.4361563764782466,2.225668501501713,2.009581389872386,1.5771110898291232,1.4676504712823695,1.5117116085692932,1.456378528099544,1.3771276320218864,1.3370627330322113,1.2060023329580338,1.0799602014206509,1.0411586308350556,1.1398033394056095,1.3321145419617202,1.3716002356921695,1.370435450353485,1.6788248662147083,2.334719751894011,1.5747772546891292,1.4506849074745636,1.5804331782030192,1.5966935501416615,1.8043948223050301,1.6462178247647576,1.5021571222119297,1.2932410079371008,1.1482731052117319,1.184256506501624,1.2442333366212468,1.2638737335519874,1.2557562616138482,1.2559277479029136,1.305076010253224,1.4141908759864195,1.5091755417024537,1.4791321800364077,1.3530665351243436,1.2447812447567026,1.2027224022057843,1.2117095282205483,1.2357550672596076,1.2642328990683855,1.2987753060099443,1.3339221963243206,1.3508887391772955,1.3355753723333672,1.2790820264122982,1.176476943946018,1.031892159184617,0.8725180210454268,0.7898188922107723,0.8586680162051482,0.9725564802821807,1.0384401623763935,1.0920953967051994,1.1535013813248964,1.2239552296610146,1.30172011208666,1.37856308133185,1.4413696543282069,1.482014691856196,1.5063826115719483,1.5281137076425766,1.5565214768758506,1.5957423830391413,1.6507311844553851,1.7255285572258316,1.8054092588288277,1.853845347340342,1.8501559465819972
142937927500,2.2967745547016847,2.552898055517267,2.374337542644406,2.33110998674433,1.1986908313834042,2.933538521837171,5.611111202682266,3.1972456363103645,1.4464093761519228,2.927231566444375,1.486834891084938,1.8158580691284716,1.630702347969898,1.56132440413194,2.042000756811203,1.924657456572226,2.791749456777009,2.74282084744493,1.7509748563618146,1.4397449832614035,1.8053906143039506,2.1573705647751487,1.786657540893144,1.9569311589794418,1.335409004676414,4.0043662845875225,2.1516679655734587,1.1287676632259986,1.4160530587460631,1.4386413320486091,1.5013011689195337,1.7999917870405469,1.6637590461129523,1.7687040248392407,2.1275865705036283,2.5063221181142614,3.2278851200448333,4.573400088633087,1.9340000806843205,1.7549397845791102,1.7951386608466806,2.225315358926169,2.651553000404626,2.3418612001842423,1.641643548477723,1.537285313482442,1.3854793472488065,1.4618094806294983,1.6618899264600948,1.050516646529855,0.9696690858490777,0.9560716716081356,1.407088043174354,1.9672551396271487,2.3650868430214183,3.0621587842329023,4.471791321717781,6.944990954053031,9.930301582831362,9.312471462409194,4.818484974264044,3.000056619543365,2.099557766101315,5.504651542589607,2.4816261546740392,1.8793049875905612,1.5136214049277812,1.3142979826514811,1.250848270910099,1.4530834136907242,1.3528979088553172,1.3357904605919002,1.418522946903052,1.6053369635532897,1.8641880829511033,2.0880748228672954,2.1995821589089366,2.2243800503107334,2.224213722695457,2.2203396604343526,2.214582138025832,2.203061051107583,2.1773373439448265,2.12013568306999,2.007865545234959,1.8517052963498017,1.7486476482561204,1.719176327810709,1.6376652675242753,1.5085640053508858,1.4094644422762608,1.3809062991604177,1.4174645875173715,1.4758796701787666,1.514530389456445,1.5112814844283484,1.4428443813561274,1.340007450215779,1.2711497157807041,1.2291660775226259,1.194568108132692,1.1590552887752206
143593462700,1.001147679847705,1.7254325865103448,1.2167951459558333,1.0740900824024209,1.1350712014725044,0.9797401981972477,1.0651690248096752,1.0935841253655554,1.1499704632637688,1.1817855283928063,1.7282539779063375,1.404422637490832,1.42526967787341,1.255564921865209,1.2899192132687964,1.307810294821794,1.3084424190985975,1.0645137037158958,1.1277161232177715,1.049485192134879,0.8668466848966637,0.9020451582195032,0.926362366214272,0.9363854315584166,0.9359854749746396,0.9400043102190476,0.9293090017410769,0.7624982006644534,0.6037582388625637,0.882030501538725,1.1358947933269021,1.2758034714807311,1.2362398348764263,1.1867155811598997,1.1632073161307086,1.1409697220143373,1.1308329748715966,1.1254136560383585,1.1520464609248702,1.1855157606525386,1.2399000958409048,1.2745176037862347,1.2968796405897083,1.3059982678477373,1.3241969574969092,1.3520181553002124,1.3239146315027663,1.3210819575400472,1.290516061700217,1.286196079017366,1.2832309690424348,1.2642952701569163,1.2231056064732466,1.1605338825207054,1.0754863068868712,0.9836388288091719,0.9277104091395243,0.9146902208624138,0.925061469113718,0.9884480336157189,1.0036800285606466,0.9287809073403317,0.8776615974080992,0.8555340041460509,0.869323181647668,0.9193275221593956,0.9565209822054858,0.9396321425008899,0.9041849142334139,0.8731603447243395,0.8500251500751353,0.8349130968187851,0.8279595962062429,0.8297158316362792,0.8411783743670954,0.8642315194691649,0.9007772184914935,0.9462228951938223,0.9871235723856745,1.0200265190630788,1.054403295503896,1.0953492728367211,1.1406997113967559,1.1853044968929458,1.2233019533782101,1.2494463024550049,1.2613454027002544,1.2616688931445526,1.2568334905641487,1.2523133667067572,1.250092366807763,1.2499492137007444,1.2513036249719616,1.2538968554748147,1.2577264364545144,1.2627138521478347,1.2683049251242091,1.2734942719302969,1.2776540437408868,1.2811928384146947,1.2849635081562096,1.2893802147867337
151778072100,3.798048423846128,2.3405273521399557,4.306979354595966,3.2143153777375817,3.8231966324095223,3.9760470449853367,2.5590914140195453,3.0094285548212736,3.70426408046638,3.3761790293372687,2.4740215391136076,3.56438294198148,2.0121494606942663,4.075773838853905,2.0427705318808456,1.342589827347478,1.5341354798976437,1.3124596566154951,2.7575602495820624,4.9055643182664825,14.350391543381736,2.408096625117986,3.2891627511759585,4.304091720358132,3.4916039342744654,7.611024371293706,6.189099829427243,3.293042945937435,2.940632657027802,0.8455054681449862,0.32966665986645166,1.094225101283436,3.1336966832208004,3.7977400696050743,2.867706028740295,3.601454317943442,5.072512237081616,4.029989994136456,3.0956191603324914,2.557741030433636,1.9869518909796893,1.7213967859162673,2.5757530528458883,3.8212103867920195,1.6707097050862323,1.424419725445382,1.4164657763966948,1.4272977918709242,1.838855395720707,1.4866758861152825,1.7471319295494352,1.5875399801639622,1.8665625781064699,2.6009873127580545,4.055508054228497,4.363143275583001,3.7952496435472938,4.2267868081008135,3.44512156531742,1.5218402865685108,1.3850953736196427,1.5157785864930282,1.7221655349433114,2.1327077263633254,2.09308306857471,2.0264235272776285,1.8969918832854509,1.7597364187214353,1.5884569292490622,1.4764258815527609,1.5912837618787632,1.7936044050433035,1.6375188337968067,1.543145600876045,1.5113273536615734,1.5090646734733022,1.5228759982272493,1.5480702709073648,1.5910527605045541,1.6731384257597726,1.8053608285121234,1.9349733881589994,2.003097353715001,2.031839667506095,2.0564914762772206,2.1064551437013965,2.20404912445989,2.3696389765192256,2.6490971276974293,2.913716895574821,2.7623790913749433,2.628364697434514,2.575306184496886,2.613745464121405,2.8339536859966556,3.634225461928134,4.965035029104291,4.767816779207865,4.146032699312491,3.8585507156715244,3.801489309885598,3.9129445459493373
151433402300,1.2342871805015867,1.1219298661405719,1.238622179920883,1.0735181623578909,1.1683240678427558,1.0998292380982793,1.6288714176280843,1.3476382008371923,1.135735068232351,1.2440750234971407,1.1827570212058975,1.1502931307622115,1.0677131365493673,1.3909654067910955,1.422857242304094,1.3489304985014345,1.4137412062290853,1.2828484035105783,1.297836661407327,1.174041130226359,1.1212219617413202,1.2990470105839411,1.3622045240130696,1.154460262896569,1.262718049245923,1.2805639505385913,1.2293085591179425,1.0552540896558085,1.2924778898231175,1.3181557117307177,1.2696490705669132,1.1874309195038533,1.3055364770962115,1.29139264752703,1.225891182435887,1.2312495131394858,1.2867094485866304,1.2913629126494546,1.2436293855446814,1.0736303960448241,1.0105976576323445,1.03466999080955,1.141751476588293,1.1738499441653654,1.1691357666516762,1.1872261594910565,1.2155277629744943,1.2180491812921106,1.2920594910653307,1.3881338711910323,1.3781859776373822,1.3408342433599005,1.3102469659190927,1.292206347587585,1.292322769614038,1.316830490996213,1.3519359592640403,1.327752602462678,1.3121679495765437,1.3498101020007887,1.387620516206909,1.3403649253932257,1.331690971472801,1.4085355875828733,1.3615713604231772,1.253826885041414,1.211498996204066,1.1928141847938807,1.1671233404840877,1.1435184544039458,1.1429933682263531,1.1459844703070092,1.1405493850955624,1.1277992123509728,1.1691994929181273,1.219236329649849,1.2092569626804766,1.2015731732485329,1.1900355134722587,1.1794804384386333,1.175242391976987,1.1888515735784477,1.212242006814421,1.2323286627884138,1.2456180344216,1.249242226718137,1.2431451706531431,1.2291941503014248,1.2074482568043854,1.1818431964290117,1.1735392852478732,1.185622011817843,1.1954493572233944,1.1995539228732177,1.206062958476831,1.219736817852779,1.2346071255402933,1.2387981021904884,1.2290919835433107,1.21070681492197,1.189126934126492,1.1679000561747437
101212507200,1.19825801324986,0.9136929271915881,1.1033711284159327,1.0130438412287435,1.178584250359339,1.2731201088811825,1.1663806749735115,1.1300285158454493,1.3063269962250683,1.2146291356869043,0.9707861719085092,1.049002885022263,1.2153753548270738,1.212588068057176,1.013402270825873,1.0155292517353343,0.9841515926741485,1.3287523676636719,1.3246292981335552,1.2762858843787706,1.1912108213021209,1.0941574132628296,1.1111105449953869,1.1857075211298054,1.2435090385804246,1.2969906823983608,1.2897743505925108,1.3246323164817904,1.3897787945575533,1.3514386162197536,1.3254525503577852,1.3207950183933053,1.3090902120983658,1.2687376296010349,1.2629070980350139,1.2202104005409649,1.236771154036115,1.307031281431515,1.297267632573857,1.2751128232782325,1.3397010658265431,1.4516000512138894,1.3874328065672294,1.2559660603332532,1.1412971002878787,1.1113126696437277,1.1403587397287758,1.1428128899864227,1.183347568820922,1.2072398694744888,1.2152549013317173,1.2085203545914907,1.1866574824694978,1.16455115109617,1.1597702055997443,1.1839745766364425,1.239414591687024,1.3037469500960635,1.3385469304565356,1.3373169894238883,1.3271574868452278,1.3258882432214827,1.3233109614809486,1.2974503746116561,1.252000414839577,1.2090903550072631,1.1833293444676545,1.1824938244208354,1.2051555641941285,1.2300091526459036,1.2407028486968332,1.2451739787836598,1.2500188448371046,1.2260086113199746,1.20285227332531,1.2009447065801315,1.2041109404773247,1.2130251787434405,1.2289191362112994,1.2500836733148382,1.2720433093260128,1.2883544076389946,1.2920866864190492,1.280554569004808,1.2588335783097822,1.2357795843960593,1.2178403943063392,1.2070090491572347,1.2018438099048578,1.199851667061433,1.1997340907578447,1.2025935085750041,1.211355405788505,1.2276119029117487,1.2487844226181144,1.2702830945076495,1.2901310913476307,1.3092423032800466,1.3279263035193216,1.3440957754766147,1.3547907078652366,1.3590299674763051
152364323000,1.1066991279174867,1.1418984509067025,1.3456491271234645,1.2037064656333836,1.2498907851662882,1.7138805694411319,1.2152258590898026,1.7005126267682975,1.429996820470524,1.0960500552847112,0.8803372238383445,1.3110057123190488,1.3242257248830447,1.179303877285257,1.1019377333877507,1.230521953353636,1.7946203439897654,1.9564675817840214,1.1894695148019132,1.1105755287043828,1.2137713870637932,1.3117153036260423,1.4808806670739363,1.254149610387429,1.2739090240375266,1.4156581970328375,1.2659317617892851,1.241776291573137,1.1599768113029871,1.0149735788611371,0.9989066550683505,1.0077655296226908,1.3026435294671392,1.2139515429681997,1.2791103105202446,1.3784171855724403,1.644826978649672,5.731037058613013,8.303659447673404,5.976123917433177,4.549062090691722,3.1144573597866985,2.0317353658724784,1.4424912276890738,1.6294005662966842,1.64655194356639,1.5859009119369705,1.5806823467792985,1.4865182941765163,1.4232139650479398,1.384034316943504,1.2646355571379078,1.2087636920063825,1.3378962919668052,1.4808180747224708,1.5264118151151234,1.496362610522897,1.4626309468477912,1.4627212555074462,1.5256234075110129,1.67120872357395,1.7347062203610877,1.6048734016292192,1.5093162400721871,1.5031347911266468,1.5477162128997384,1.6045919896010947,1.6332508957640712,1.5912109242329413,1.5032996117415358,1.4179473113220353,1.3465825307757384,1.288130959370451,1.2438897109722127,1.2131574821915454,1.1886630600840629,1.1608712693588648,1.125135456255074,1.0809545603820034,1.0265872389196864,0.9637756127192966,0.9039463488683341,0.8594775784336198,0.8344153790921813,0.8276659316427403,0.8379211137070377,0.8636776795746058,0.9011086902827308,0.9441744389214629,0.9887123399886845,1.0358772713274336,1.0895872479552353,1.1499202326660278,1.2072713963068058,1.2472095295753742,1.2631239761743565,1.2606869422502844,1.2536717361968528,1.2570220809425379,1.2799583143390656,1.3214693144666894,1.3718665946960615
171481171400,1.5470271447556543,0.9114610905485102,0.91450082875449,1.0014398496449917,1.6194303578034337,1.071799362187658,1.2658054363453457,2.230279883809677,1.8498738370212418,1.3617240020317989,1.8262584345785944,2.293776658980228,1.7462250884643211,1.1873004965545222,0.8407652315837028,0.9225095748573989,1.992240903022353,2.273856199268698,7.1070295769804215,4.385403236437115,1.2551454065023417,1.6276496335146906,1.4308306967414364,1.3034025584139304,1.0758801156110762,1.0449421005455717,1.1125554010801486,1.0826749480476445,1.0175145014366933,0.8383210553399149,0.9583642324801246,1.4197167940212563,1.5780570101516325,1.4920472402909584,1.5917109977163175,1.6941239845308138,1.7077326415617458,1.3458762838984866,1.1648420493301288,1.1056265882132905,1.0400765274572283,1.042618468889668,1.0188596696664338,1.043243992236857,1.091710559248853,0.8812866922265578,0.6882541233639448,0.6923462756730825,0.6412967313934643,0.5415921745173508,0.5435269583197577,0.6105145618195958,0.7365171179928004,0.924284771190454,1.1327865848649603,1.3195568479116824,1.4552217661373175,1.5563997652491257,1.6076389901032577,1.6055282919850886,1.5581441471361956,1.500284135063453,1.4229642303592802,1.3759672617328795,1.3358226944951983,1.2703572929954152,1.1665369670669379,1.0580903506469224,0.9625816346957249,0.9474178168155967,1.0077358446535427,1.0956276787073989,1.186401998988007,1.2680384091621995,1.3287583036376862,1.3592208528117455,1.3671417648479152,1.3696394176866575,1.380846044115665,1.4109755462161204,1.4591749048858687,1.5056850055356945,1.53109459003576,1.5387834488973762,1.542740638030607,1.552153111085911,1.5716713462915946,1.606983407455408,1.669518026679486,1.7695151396358084,1.8724672459382117,1.8020012726177976,1.493089717592463,1.327254099226843,1.2058739619736354,1.0909387153877768,1.0055543632066986,0.947772991984033,0.90777039846311,0.881530604340859,0.8690455832278221,0.8679246914233308
70137858700,1.1323973713888837,1.5581073149577491,1.4426440645182734,1.4362551765520923,1.1584459381025525,1.5693024470318102,1.6935498454205444,1.2981127447756626,1.3025314024199695,1.3002538542133353,1.3427294380348889,1.224832139815701,1.308949198517655,3.803420375596471,4.582226505838074,5.244233489873379,2.3111689979782444,1.328462283374565,0.9885833056257501,0.8829743939518346,1.4410221869055482,1.2903810792762025,1.827678715234118,1.3263160748041105,1.1794330475961021,1.1986020988597323,1.2077230158846808,1.2694424380889446,1.3514158072895774,1.4617487303540377,1.5376368481489247,1.4344112642713187,1.4986367498622706,1.4933972006272023,1.4216762573984494,1.3934402476225975,1.3233541229742134,1.3229745220031661,1.3456977371285206,1.3825877165509128,1.3714393416398205,1.3487168911458998,1.4243897538533177,1.4496509466119947,1.4158700753082034,1.3527124300636482,1.3147333881507053,1.3177586340805432,1.4821242336106677,1.4951957313812847,1.4210435312419305,1.3963126518546207,1.3910217829835385,1.3763847775002078,1.4137296606087129,1.374640288942736,1.275012354179654,1.2358098263371384,1.2452720033336822,1.3789732526472194,1.525105812828974,1.427957701726074,1.2444163726782889,1.172760513110248,1.24780596924317,1.335993386235624,1.2832073174476348,1.1469835888742268,1.092358646153951,1.1083721910263997,1.1443764134901915,1.1702313971776854,1.185888801079598,1.2018873896031745,1.2305646655013018,1.2675084024591852,1.2906520699338035,1.340232291094151,1.4544484489518898,1.5966279381691861,1.744053459159677,1.7034978678517114,1.529834859478335,1.450173698761484,1.4119428920704205,1.3787988672120446,1.357259554873102,1.3355675300361616,1.3154279990620847,1.3022560857233472,1.2975073081626334,1.2987830515123828,1.3023237361414748,1.304477078286165,1.3024548343294509,1.295524677310807,1.285842086729416,1.2774920070711355,1.2744146022613894,1.2790001896979137,1.2918650548681478,1.312316757953707
102266222400,1.1474791261358257,1.2135679480604527,1.0374043170988259,1.0677666382556599,1.1233199952843178,1.0793809006409374,1.126791128926026,1.1205034910579,1.2025995222308135,1.1409970318445029,1.08768529093954,1.1196171885085717,1.0183892312643696,1.1687827949148226,1.3348214694247853,1.5873607401050336,1.3253106898370905,1.2457901549050983,1.1422284958193918,1.0814577338317723,1.0283020752208596,1.0155640055039452,0.9943711761444225,1.008598326139547,0.9929283290279802,1.0445279845924904,1.1114980511107624,1.0663811915762085,1.0585950705723186,1.0321535928872094,1.013729337664788,1.0898677387228368,1.0854098956048646,1.070342891516188,1.0708003186979393,1.1245664929984664,1.1628095689308866,1.1580535769546974,1.1505485687773405,1.1352534178840592,1.1330612854550388,1.1697213059502691,1.2235350723711387,1.3010227115718855,1.287175831553086,1.2818646486853786,1.2924954060632645,1.292753518634879,1.2934930989405997,1.2890465598069996,1.2774576520351995,1.2664722827243422,1.2623040466004267,1.2588115909244748,1.2451482840383576,1.2288907939339293,1.2237328867970394,1.224329461345483,1.2184452739497966,1.1980543391026708,1.1635222559323788,1.1313062552832858,1.1140095144998008,1.1072208603458054,1.1018551764257822,1.093826186940256,1.0865146165825599,1.0873700078245958,1.100792839221715,1.1242692587667749,1.1498062173923207,1.1680096556879296,1.1725655437691342,1.1629455977207197,1.1439965405650854,1.1236928023475654,1.1105892707056482,1.1108195636105773,1.1255619157674759,1.1511246941430588,1.1814282656731632,1.210522183646603,1.234098944980082,1.250848765741397,1.2625337058325878,1.2714365492813615,1.2783469998405173,1.28319034218319,1.2861920584850386,1.288061197107941,1.2896453180746235,1.291678896700215,1.2947403350527877,1.2992899945525622,1.30563970628333,1.3137830296366235,1.3231940252789185,1.3328453356446586,1.341561405915527,1.34846578786911,1.3531442905651907,1.355437949945465
81847956000,1.0342336997615404,1.0519601505752787,1.1592700159969234,1.243746190736886,1.0667826400938651,1.081774761305405,1.1771659830454744,0.9699772128121523,0.8579663434095676,1.002589205829922,1.141210211120712,1.105947156784724,1.1794438420722129,1.1805938621404544,1.2466487120710075,1.208389853126911,1.110890916491018,1.0860360810167387,1.083945490101685,0.9577964550125048,0.9730497798271949,1.100077027132778,1.1795099214129732,1.1981650753990862,1.1874899717153256,1.180161341299539,1.1400725142394825,1.0997093086780885,1.062339212435621,1.0341181309450733,0.9942268739143221,1.0569010541734993,1.1219101690196522,1.14126935029895,1.1390146373971903,1.130900994570563,1.1169972249629299,1.1029624587336655,1.1003916158553817,1.1066539420679222,1.1101700526500966,1.1145026823597477,1.1317537586566822,1.1551608757212426,1.1631936984849705,1.1553060719311892,1.1434490322700586,1.1428486200180257,1.1375802771592007,1.1383986571616458,1.1341328314088002,1.1252535497734422,1.1213680249011084,1.131122746055371,1.1558701437774865,1.1871690962216357,1.2091071864297012,1.2031456492864523,1.1672554695911868,1.1370940027530287,1.1449137828523168,1.1934284766268617,1.2626846389421271,1.3007668558416798,1.2622266993668254,1.2039157073857485,1.1785025726849054,1.173822344668629,1.1723468233421084,1.1702843008511572,1.1692781047351162,1.170248840084728,1.1724929718770045,1.1742946076424017,1.1736766552012559,1.1692158799723533,1.1606481398341573,1.1489215538849664,1.135782438936615,1.1232799026237694,1.113520334532245,1.1085429281385577,1.1095675189756844,1.115859301465288,1.1250945291940144,1.1349944550742925,1.1441761444604985,1.1520763735566448,1.1586879848046496,1.1643057459307098,1.169305212023426,1.1740079344805832,1.1786576265115565,1.183504166310399,1.1889695296193972,1.1957935957882542,1.2049155526039592,1.216838628308841,1.2307312834852335,1.2442484520384471,1.254641180836042,1.260191154202807
111466613100,1.2432874643579501,1.6249804603698157,1.3438805755009928,1.3261778605996264,1.2745679802707734,1.1612512264070405,1.4617057408754055,1.6115121772562808,1.0895386781063594,1.3673290151718773,1.3204741315084418,1.0586049981231778,0.516938270262438,0.7107250308408118,0.9374827387224375,1.4734080165479169,1.3026076665423258,1.2732595560428246,1.4666047194462006,1.43711980178781,1.3342566830268503,1.5992927477538172,1.5176136445615482,1.8822727267465014,1.4372087143888008,1.3984262793938982,1.429377541005006,1.2488477373956313,1.2515065441999487,1.2631662534627868,1.561099262419063,1.7841227672437487,1.54638246399259,1.4634483842918986,1.3864805487092335,1.3069043076873,1.363950406468044,1.643244834862409,1.6424023256821751,1.7168753271795731,1.6996879168551964,1.6445284967368667,1.6179436499677187,1.5200587961763399,1.371506148475794,1.2572647435348263,1.2229053653031376,1.2231298903778787,1.2532952228993217,1.2894216317252944,1.3243547869129482,1.3612147950145939,1.3629854372502044,1.3458951875764456,1.3487319115557164,1.4003551544612447,1.4871193871738817,1.53673082394042,1.5430284549432105,1.535921321630867,1.5473460946491466,1.5933817143346476,1.654681006068096,1.6796043724550636,1.6302094888460286,1.496982625050262,1.3140649696279798,1.1925604099647122,1.2388435641106932,1.4543371668584526,1.5925449341171292,1.525391398142262,1.463188766138477,1.4413327046639814,1.4353927167258473,1.4358194770772443,1.441800224995932,1.4544522809935854,1.4740650240790776,1.499319566028367,1.5275115079897428,1.5551103941239206,1.5785817715960817,1.595585153565095,1.6055826096222119,1.6093166268266899,1.6081366929366827,1.603881420573996,1.5991146241528111,1.5973222998564653,1.6028315304456466,1.62025962413826,1.6529978910743504,1.69964448215567,1.7489939428638124,1.7830610472880457,1.7966114473542285,1.809205117468648,1.843228086549842,1.8863810581960836,1.91332069321382,1.9206662824397702
71937334700,1.4874408360445703,6.133509616656387,8.50959623127507,2.51366359292349,2.2243211207688556,0.9680448957785242,1.6908982457691986,2.0260143856036223,2.148249487162328,1.0283771003179627,1.7641523503727476,2.722589556544048,2.9929596912227607,2.1509016182507823,3.174264567843537,2.8542980737656247,1.978025789277664,2.226259210249643,1.8831187140509604,1.972555992920073,1.5304351078245773,2.2084400823922334,2.703413163761534,0.8999740638626519,2.3981253161311398,1.9573807195167539,2.133100002188755,2.34703406007788,2.3832372291030115,4.257456447218577,6.123592935640457,2.2246503042929566,7.596182038636864,3.874072424584754,1.998768178557027,1.8754279241209648,2.68414697114723,5.695837239871752,3.884016001660952,2.7272159144497183,1.8097037303344594,1.7206024074740667,1.7034185071808838,1.8693288551114888,2.3346267650744954,2.33092582726968,2.910874882415829,3.0194582485237738,2.2901631772668036,2.5610049514501076,2.6510176144730377,2.7058633622179697,2.6098119246183122,2.3685956839179556,2.1984402829293765,2.19728230880667,2.219130432617954,2.2118778276576245,2.2739305107856267,2.3863596163231247,2.4977921519005704,2.5776581962464578,2.6279020677224496,2.662440243458096,2.6867695906148112,2.6766341966240472,2.319716813708838,2.4763213653952807,1.9641030937038435,2.2662562678410394,2.482017917844702,2.39111417014789,2.27945093853928,2.2014312401984,2.157134551685698,2.14046947396464,2.139090267596233,2.1443922422489714,2.1616541273501957,2.177722223353675,2.1211874403886006,1.9779271301050463,1.8697121108788686,1.8870069443575552,2.0960123473879664,2.564633509816782,2.804081959822433,2.320868788129049,1.9510811632339191,1.889299570329498,1.8186069749409906,1.7583178083586193,1.8384772416569413,1.9807763264990654,2.069489396925533,2.0188310589125678,1.8663914159486525,1.6999588215976138,1.5696254607239104,1.484237679930437,1.4354763828120436,1.4124354774407937
181651219900,1.0059420598967979,1.1792736565278663,1.116948181161134,1.1308470831533954,1.062677007963276,1.1731249432778028,1.210983942223582,1.1720198517260882,0.9627747300170376,1.1309823555221732,1.2598569073738506,1.3109269462384068,1.1995100889949695,1.1480886094681566,1.1002628366468967,1.110357747405991,1.1125065536062246,1.2181906907252613,1.1537769253320582,1.1720882263091839,1.1422686481263764,1.1221849656796972,1.1943794883506509,1.1588863437010417,1.1148774733984534,1.0955894609267498,1.113768946520345,1.0423005337523117,1.0285319651074283,1.1284606745925008,1.1531265939699653,1.1876753517802492,1.1797457967547282,1.1148287719484493,1.0532366052570976,1.0589078299509413,1.0788482412711389,1.060837808974003,1.0560432111069316,1.079383601750856,1.1376299738448605,1.2065069579183885,1.245225702574753,1.2335040351333135,1.2220176767491013,1.2305192986620062,1.2564739211191867,1.258304232457052,1.284820024941806,1.2780328635340457,1.2336378244687414,1.1949888546734022,1.1407687604365933,1.0925739298310384,1.077204041476131,1.090863549200648,1.118299201101639,1.1444716310153447,1.158731804446318,1.1552675083409178,1.1341254176852833,1.105139091520064,1.0803618847376033,1.0613300332015125,1.0511073723040458,1.0551600667623098,1.0671857307100638,1.083439764666209,1.102754972660582,1.1217032096240263,1.1358512342163591,1.1431517898489696,1.145692787508408,1.1476236920713492,1.1518169795076836,1.1591210559759428,1.1691428324695545,1.1805677407729147,1.191199337749851,1.198191738409361,1.1983340531499196,1.1881751119677844,1.1647699032302252,1.1292773073145403,1.0929544439565013,1.0739949613164455,1.0785805234049208,1.0944196470271175,1.1078607535629168,1.1145463487707337,1.1164090472979578,1.1166421538233644,1.11732292095866,1.1190161694338174,1.121277735782916,1.1233976652531434,1.1249158634564262,1.125736553410836,1.126025012427659,1.1261400506774866,1.1266486758034235,1.1282945357379657
51861479500,1.2076848619626885,1.2706060392041376,1.262465982793898,1.249251035579162,1.4747086137801941,1.444389132916453,1.0351052349373921,1.19569059343016,1.3266292872590435,0.9196909073231802,1.2044905448190972,1.3119475656619055,1.3245371477583312,1.3014478641808498,1.1566893785624328,1.2301968737333886,1.1257390997672945,1.1588079170725072,1.370211083673375,1.228296623311485,1.3246902471178281,1.4925086623521229,1.486928027644644,1.470533238501694,1.320508641113387,1.1532462410646653,1.1251033991282318,1.2393445749456224,1.3223348195795248,1.4305699473469258,1.4077442910812523,1.204310724644977,1.1253928873890569,1.0842542325687332,1.131089583719941,1.2127711110591233,1.2395553705841458,1.3082755748955914,1.330428295369179,1.2610317221510903,1.2085365426839585,1.2291568833117095,1.2587706471245528,1.2874759309952648,1.3322534216815627,1.3649752934251118,1.3066403989272461,1.2995931820778288,1.1571388836342296,1.0282609315011018,0.9352316380587676,0.8898831926765561,0.8918507577186008,0.9395914913029679,1.0216884860738822,1.1118705150809838,1.1557538665715716,1.1700285419122842,1.1847754412769875,1.1531015371361266,1.1060017442993457,1.0595260020305843,1.020438927660579,0.9850542692250425,0.9516677612149699,0.9231798132873497,0.9004169779218231,0.8824635733099724,0.8708051043393191,0.8702946910114127,0.8845762543744244,0.9099510944115862,0.9368153655585456,0.9596676892939566,0.9798511631775896,1.0004405826279255,1.0228879486778637,1.046780215261491,1.0708287272137371,1.093879943207919,1.115402736387672,1.13534488613384,1.1540062283738541,1.1721489727960823,1.190604227279097,1.2097153739264201,1.2292755138508948,1.2487277358037174,1.26730655970796,1.2841079191814253,1.298174797422367,1.308652214670168,1.3150069805526574,1.317256168261753,1.3161222336122071,1.3130408226340298,1.3099654671133636,1.3088787668550887,1.3109556423360162,1.3158107458761197,1.321683112912757,1.3265570821104007
91637640500,1.8314895943135439,1.60553920303658,1.595011663461007,1.8275471026465742,0.8658070794314623,1.2917550313464152,1.4991581024131442,2.276369806611329,1.58976063085469,1.530223998605176,1.4545116707774801,0.9601047165445952,1.1963420166101544,1.8071518510925728,1.9880443246254527,1.365643130075299,1.617407709676381,2.104668258596149,1.7226070913587685,1.8790109951222764,1.9172903051767802,1.7461460454822268,1.8459857523510215,3.1969952422848547,2.984124825528098,4.590468578266306,4.133218477107038,4.625415403031622,2.77741134640483,1.9099258654414666,1.7565579581515582,1.4476495704993477,1.1162036978240424,1.0867415009257206,1.2723154485907429,1.4963733675842656,1.5645648245014905,1.50050452215482,1.5338182088919383,1.7351793873356687,1.7700426488600722,3.688644691892661,1.445618392410969,0.8259022136894375,0.8123496149783462,1.6725621039990797,1.543128627346414,1.5368895971811978,1.6138757972309663,1.553997608702483,1.5015671586728319,1.5047365249760383,1.494294395655951,1.4529540807631711,1.3924890900620885,1.3393069085611047,1.3046455431782196,1.288251774203787,1.298212084999854,1.3598026260778693,1.4368820499347572,1.472599765880193,1.4763636771547883,1.4700509193724376,1.4618760689339496,1.4541417426127032,1.44971384549357,1.450862136441767,1.4484563048542534,1.4076897116870417,1.2939009327082245,1.1115350692874326,0.8588422050260447,0.6985245245700636,0.6337732467353717,0.6135759857418773,0.614728961634785,0.6257100255479467,0.6399578120146325,0.6538335375308255,0.6657446541380095,0.6758493099358714,0.6857770918249595,0.6977423318602671,0.7129928713106779,0.7303620006394317,0.7471218392583814,0.761342440319411,0.7726480030134949,0.7814600687575873,0.7882810196281546,0.793458838161292,0.7972149264536753,0.7997323791182904,0.8012261396547691,0.8019807352270375,0.8023616488533584,0.8028101153353101,0.8038305584301455,0.805979031497372,0.8098611211169713,0.8161497629879944
